#,Token,Price,Change (%),Volume (24H),Market Cap,Holders,dt,date
1,USDT,$0.99920,-0.19%,"$55,483,389,936","$20,674,554,399","2,222,140 0.024%",2020-12-26 13:05:59.123610,2020-12-26
2,BNB,$33.25000,2.85%,"$545,369,253","$4,950,931,345","314,570 0.000%",2020-12-26 13:05:59.123610,2020-12-26
3,LINK,$11.65000,3.36%,"$1,011,398,765","$4,662,614,215","302,861 0.049%",2020-12-26 13:05:59.123610,2020-12-26
4,USDC,$0.99960,-0.33%,"$867,808,473","$3,570,403,729","527,571 0.050%",2020-12-26 13:05:59.123610,2020-12-26
5,WBTC,"$24,829.00000",5.04%,"$337,672,144","$2,796,129,273","19,037 0.573%",2020-12-26 13:05:59.123610,2020-12-26
6,OKB,$6.20000,2.19%,"$96,624,714","$1,684,034,263","42,138 0.000%",2020-12-26 13:05:59.123610,2020-12-26
7,CEL,$3.78000,0.03%,"$7,024,450","$1,451,824,361","13,196 0.197%",2020-12-26 13:05:59.123610,2020-12-26
8,THETA,$1.37000,15.15%,"$156,800,670","$1,368,832,259","27,247 0.011%",2020-12-26 13:05:59.123610,2020-12-26
9,LEO,$1.38000,1.56%,"$1,687,305","$1,342,860,197","1,873 0.000%",2020-12-26 13:05:59.123610,2020-12-26
10,CRO,$0.05920,1.60%,"$45,512,158","$1,325,072,825","59,697 0.015%",2020-12-26 13:05:59.123610,2020-12-26
11,cDAI,$0.02090,-0.13%,"$4,593,014","$1,301,969,324","13,984 0.122%",2020-12-26 13:05:59.123610,2020-12-26
12,DAI,$1.00000,-0.42%,"$206,130,057","$1,119,162,198","239,675 0.168%",2020-12-26 13:05:59.123610,2020-12-26
13,WFIL,$23.69000,-0.43%,"$97,427,681","$1,063,119,231",58 0.000%,2020-12-26 13:05:59.123610,2020-12-26
14,SNX,$7.57000,4.21%,"$156,723,295","$1,032,125,569","32,938 0.304%",2020-12-26 13:05:59.123610,2020-12-26
15,ST,$12.06000,8734.65%,"$723,462","$982,246,580","18,528 0.005%",2020-12-26 13:05:59.123610,2020-12-26
16,VEN,$0.01450,-1.70%,"$145,621,726","$945,390,485","45,824 0.002%",2020-12-26 13:05:59.123610,2020-12-26
17,HT,$4.02000,0.78%,"$100,473,210","$937,445,670","13,355 -0.067%",2020-12-26 13:05:59.123610,2020-12-26
18,cUSDC,$0.02130,-0.16%,"$20,566,786","$889,832,399","214,377 0.004%",2020-12-26 13:05:59.123610,2020-12-26
19,BUSD,$1.00000,-0.17%,"$950,716,819","$810,604,312","10,068 0.109%",2020-12-26 13:05:59.123610,2020-12-26
20,ZIL,$0.06700,11.96%,"$369,155,542","$756,118,336","24,635 0.000%",2020-12-26 13:05:59.123610,2020-12-26
21,UNI,$3.51000,1.73%,"$218,165,091","$755,522,674","111,093 0.051%",2020-12-26 13:05:59.123610,2020-12-26
22,cETH,$12.63000,3.42%,"$228,419","$718,254,618","57,121 0.016%",2020-12-26 13:05:59.123610,2020-12-26
23,YFI,"$23,381.00000",-3.89%,"$320,524,300","$702,045,825","17,820 0.090%",2020-12-26 13:05:59.123610,2020-12-26
24,COMP,$133.73000,-1.36%,"$38,533,506","$550,165,335","107,851 0.061%",2020-12-26 13:05:59.123610,2020-12-26
25,MKR,$536.99000,2.66%,"$49,279,297","$488,333,980","53,901 0.024%",2020-12-26 13:05:59.123610,2020-12-26
26,UMA,$8.17000,0.52%,"$17,518,820","$455,075,880","7,454 0.080%",2020-12-26 13:05:59.123610,2020-12-26
27,GRT,$0.33130,-17.05%,"$354,122,698","$409,686,941","10,869 -0.037%",2020-12-26 13:05:59.123610,2020-12-26
28,OMG,$2.57000,-0.05%,"$243,224,640","$361,849,141","683,542 0.001%",2020-12-26 13:05:59.123610,2020-12-26
29,PAX,$1.03000,2.65%,"$91,131,034","$347,229,879","97,579 -0.001%",2020-12-26 13:05:59.123610,2020-12-26
30,NEXO,$0.59410,-1.52%,"$13,232,464","$332,996,040","63,351 0.058%",2020-12-26 13:05:59.123610,2020-12-26
31,BAT,$0.21390,-0.61%,"$127,461,207","$317,188,352","377,480 0.012%",2020-12-26 13:05:59.123610,2020-12-26
32,SUSHI,$2.45000,-6.55%,"$212,960,458","$311,941,720","22,609 0.124%",2020-12-26 13:05:59.123610,2020-12-26
33,CHSB,$0.33320,11.70%,"$5,471,693","$311,404,840","25,113 0.084%",2020-12-26 13:05:59.123610,2020-12-26
34,ZRX,$0.36600,0.07%,"$39,278,672","$275,200,440","163,921 0.010%",2020-12-26 13:05:59.123610,2020-12-26
35,TUSD,$1.00000,-0.34%,"$120,334,685","$271,022,923","37,858 0.061%",2020-12-26 13:05:59.123610,2020-12-26
36,LRC,$0.14920,-2.42%,"$18,413,158","$186,877,359","69,325 0.014%",2020-12-26 13:05:59.123610,2020-12-26
37,HBTC,"$24,754.00000",5.52%,"$3,618,757","$171,240,154",554 0.000%,2020-12-26 13:05:59.123610,2020-12-26
38,NXM,$24.15000,3.19%,"$6,379","$162,435,898","3,034 0.066%",2020-12-26 13:05:59.123610,2020-12-26
39,HUSD,$0.99880,-0.33%,"$67,400,719","$161,641,655","3,112 0.193%",2020-12-26 13:05:59.123610,2020-12-26
40,QNT,$12.33000,6.42%,"$3,388,327","$153,156,929","11,433 0.044%",2020-12-26 13:05:59.123610,2020-12-26
41,1INCH,$2.09000,-9.23%,"$594,978,784","$141,402,867","14,417 3.010%",2020-12-26 13:05:59.123610,2020-12-26
42,OCEAN,$0.32410,-3.62%,"$23,699,327","$136,735,285","21,560 0.056%",2020-12-26 13:05:59.123610,2020-12-26
43,BAL,$12.45000,0.04%,"$31,118,697","$132,588,176","22,664 0.031%",2020-12-26 13:05:59.123610,2020-12-26
44,ENJ,$0.14000,-0.78%,"$8,977,577","$129,905,812","66,315 0.015%",2020-12-26 13:05:59.123610,2020-12-26
45,NMR,$23.92000,-0.04%,"$5,460,588","$125,444,635","29,770 -0.007%",2020-12-26 13:05:59.123610,2020-12-26
46,BAND,$5.46000,-1.47%,"$55,774,388","$123,841,345","27,520 0.033%",2020-12-26 13:05:59.123610,2020-12-26
47,SNT,$0.03040,-0.19%,"$9,569,095","$118,457,976","84,752 0.002%",2020-12-26 13:05:59.123610,2020-12-26
48,BNT,$1.22000,0.73%,"$71,536,914","$114,525,496","29,477 0.024%",2020-12-26 13:05:59.123610,2020-12-26
49,CHZ,$0.02060,6.04%,"$51,278,789","$111,650,284","15,684 -2.314%",2020-12-26 13:05:59.123610,2020-12-26
50,sUSD,$1.00000,-1.09%,"$15,598,098","$111,254,621","7,714 -0.065%",2020-12-26 13:05:59.123610,2020-12-26
51,IOST,$0.00580,-2.72%,"$31,456,846","$106,202,790","40,674 0.000%",2020-12-26 13:05:59.123610,2020-12-26
52,cUSDT,$0.02050,-0.07%,"$29,791,075","$106,071,612","2,499 -0.040%",2020-12-26 13:05:59.123610,2020-12-26
53,HOT,$0.00060,0.84%,"$7,088,417","$103,494,268","40,514 -0.010%",2020-12-26 13:05:59.123610,2020-12-26
54,GNO,$66.87000,2.13%,"$562,800","$100,604,838","11,339 0.000%",2020-12-26 13:05:59.123610,2020-12-26
55,ANT,$2.87000,1.16%,"$10,163,728","$99,416,298","2,790 0.358%",2020-12-26 13:05:59.123610,2020-12-26
56,REPv2,$16.34000,-3.97%,"$12,450,566","$92,210,337","6,902 -0.174%",2020-12-26 13:05:59.123610,2020-12-26
57,BTM,$0.05520,0.72%,"$10,977,857","$90,923,743","49,492 0.000%",2020-12-26 13:05:59.123610,2020-12-26
58,LEND,$0.78430,0.79%,"$40,931","$79,055,894","152,719 -0.005%",2020-12-26 13:05:59.123610,2020-12-26
59,PAXG,"$1,897.63000",-0.09%,"$1,430,664","$71,845,758","5,956 -0.034%",2020-12-26 13:05:59.123610,2020-12-26
60,GLM,$0.10340.0000041602,-1.37%,"$612,272","$67,981,126","1,840 1.033%",2020-12-26 13:05:59.123610,2020-12-26
61,UBT,$0.47000,-3.31%,"$1,455,940","$65,862,945","17,582 0.017%",2020-12-26 13:05:59.123610,2020-12-26
62,PNK,$0.11300,5.29%,"$761,136","$59,275,938","8,102 -0.049%",2020-12-26 13:05:59.123610,2020-12-26
63,DIVX,$0.02830,3.74%,"$214,302","$58,404,861",924 0.000%,2020-12-26 13:05:59.123610,2020-12-26
64,KCS,$0.70070,-4.88%,"$5,565,395","$56,269,583","62,270 0.000%",2020-12-26 13:05:59.123610,2020-12-26
65,RLC,$0.79050,-2.51%,"$4,232,061","$55,516,293","18,639 -0.005%",2020-12-26 13:05:59.123610,2020-12-26
66,ENG,$0.65560,15.92%,"$89,627","$54,133,683","15,050 -0.020%",2020-12-26 13:05:59.123610,2020-12-26
67,SXP,$0.69800,-2.75%,"$19,934,471","$53,947,500","18,830 0.000%",2020-12-26 13:05:59.123610,2020-12-26
68,TRAC,$0.18490,0.36%,"$246,369","$53,766,180","14,283 0.021%",2020-12-26 13:05:59.123610,2020-12-26
69,WAX,$0.03600,-0.08%,"$848,157","$52,944,692","16,324 0.000%",2020-12-26 13:05:59.123610,2020-12-26
70,POLY,$0.07020,2.08%,"$1,181,458","$52,489,645","95,631 0.003%",2020-12-26 13:05:59.123610,2020-12-26
71,cZRX,$0.00750,0.32%,"$3,996","$51,548,988","3,786 0.053%",2020-12-26 13:05:59.123610,2020-12-26
72,cUNI,$0.07060,1.69%,"$42,919","$51,244,011","2,248 0.133%",2020-12-26 13:05:59.123610,2020-12-26
73,SRM,$1.02000,-1.84%,"$14,705,326","$51,118,431","4,590 0.109%",2020-12-26 13:05:59.123610,2020-12-26
74,ELF,$0.10130,-1.14%,"$14,320,424","$46,890,836","51,443 0.008%",2020-12-26 13:05:59.123610,2020-12-26
75,BTU,$0.57670,-4.26%,"$195,560","$46,100,770","2,463 0.000%",2020-12-26 13:05:59.123610,2020-12-26
76,AGI,$0.04730,1.53%,"$576,701","$44,920,197","17,742 0.006%",2020-12-26 13:05:59.123610,2020-12-26
77,NPXS,$0.00020,6.44%,"$2,391,462","$44,738,914","74,680 0.021%",2020-12-26 13:05:59.123610,2020-12-26
78,FTM,$0.01690,-4.45%,"$4,560,872","$43,339,786","12,700 0.000%",2020-12-26 13:05:59.123610,2020-12-26
79,BTMX,$0.05610,7.80%,"$4,438,004","$43,095,923",485 -0.206%,2020-12-26 13:05:59.123610,2020-12-26
80,STORJ,$0.29300,-3.47%,"$19,745,118","$42,251,246","75,150 -0.008%",2020-12-26 13:05:59.123610,2020-12-26
81,ONE,$0.00480,-1.94%,"$3,274,688","$41,863,616",185 0.000%,2020-12-26 13:05:59.123610,2020-12-26
82,POWR,$0.09530,-0.49%,"$2,663,683","$41,025,385","52,400 0.002%",2020-12-26 13:05:59.123610,2020-12-26
83,EURS,$1.23000,-0.02%,"$821,309","$39,573,037","3,709 -0.054%",2020-12-26 13:05:59.123610,2020-12-26
84,RPL,$2.37000,7.82%,"$832,798","$37,920,092","10,746 -0.028%",2020-12-26 13:05:59.123610,2020-12-26
85,IOTX,$0.00650,-1.59%,"$1,747,654","$36,972,365","12,185 0.000%",2020-12-26 13:05:59.123610,2020-12-26
86,LPT,$1.59000,5.73%,"$9,816","$36,461,106","2,552,796 0.000%",2020-12-26 13:05:59.123610,2020-12-26
87,MLN,$29.91000,-0.20%,"$2,518,873","$36,436,705","4,015 0.100%",2020-12-26 13:05:59.123610,2020-12-26
88,FET,$0.05130,0.41%,"$3,631,246","$35,476,960","8,925 0.078%",2020-12-26 13:05:59.123610,2020-12-26
89,ZB,$0.25710,1.55%,"$10,643,149","$34,147,081","21,489 0.000%",2020-12-26 13:05:59.123610,2020-12-26
90,QKC,$0.00520,6.48%,"$4,225,307","$33,547,048","9,407 -0.011%",2020-12-26 13:05:59.123610,2020-12-26
91,AION,$0.06720,-3.53%,"$1,485,244","$32,853,060","12,039 -0.008%",2020-12-26 13:05:59.123610,2020-12-26
92,VGX,$0.14770,-1.39%,"$420,316","$32,727,603","27,509 0.004%",2020-12-26 13:05:59.123610,2020-12-26
93,USDK,$1.00000,-0.20%,"$108,342,654","$32,496,702","3,419 0.000%",2020-12-26 13:05:59.123610,2020-12-26
94,C20,$0.93900,12.02%,"$13,302","$31,263,130","9,562 0.010%",2020-12-26 13:05:59.123610,2020-12-26
95,WIC,$0.16030,-5.76%,"$12,640,376","$30,372,876","39,674 0.000%",2020-12-26 13:05:59.123610,2020-12-26
96,DIA,$1.18000,-5.00%,"$7,535,801","$30,053,668","15,192 0.046%",2020-12-26 13:05:59.123610,2020-12-26
97,STAKE,$8.33000,-0.78%,"$2,060,268","$29,764,384","10,415 -0.029%",2020-12-26 13:05:59.123610,2020-12-26
98,wNXM,$16.60000,1.10%,"$9,474,024","$29,478,460","4,502 -0.022%",2020-12-26 13:05:59.123610,2020-12-26
99,TRB,$18.01000,-1.92%,"$22,125,444","$29,200,492","8,213 0.037%",2020-12-26 13:05:59.123610,2020-12-26
100,ZAP,$0.11830,6.99%,"$1,450,594","$28,622,587","4,733 0.000%",2020-12-26 13:05:59.123610,2020-12-26
101,ORBS,$0.01260,0.04%,"$235,774","$28,560,616","6,405 0.031%",2020-12-26 13:05:59.852117,2020-12-26
102,GARD,$0.00010,-2.03%,"$125,083","$28,394,466","10,695 0.000%",2020-12-26 13:05:59.852117,2020-12-26
103,BOA,$0.09310,1.63%,"$164,242","$27,753,403",688 -0.145%,2020-12-26 13:05:59.852117,2020-12-26
104,MXC,$0.01140,-0.84%,"$2,630,795","$27,682,266","7,818 0.013%",2020-12-26 13:05:59.852117,2020-12-26
105,DATA,$0.03700,10.25%,"$1,368,797","$25,866,392","448,220 0.000%",2020-12-26 13:05:59.852117,2020-12-26
106,mUSD,$1.00000,-0.04%,"$499,712","$25,523,205","5,026 -0.040%",2020-12-26 13:05:59.852117,2020-12-26
107,KEEP,$0.23640,12.68%,"$1,011,645","$25,520,737","3,206 -0.156%",2020-12-26 13:05:59.852117,2020-12-26
108,OGN,$0.12680,1.60%,"$7,291,702","$25,380,712","27,901 0.004%",2020-12-26 13:05:59.852117,2020-12-26
109,ZT,$0.05010,1.56%,"$8,293,489","$25,032,297","42,535 0.000%",2020-12-26 13:05:59.852117,2020-12-26
110,SALT,$0.28430,13.42%,"$103,640","$24,885,308","68,469 0.000%",2020-12-26 13:05:59.852117,2020-12-26
111,ULT,$0.01240,0.82%,"$98,284","$23,978,090","10,023 0.000%",2020-12-26 13:05:59.852117,2020-12-26
112,NULS,$0.24150,-1.27%,"$6,539,887","$23,836,973",33 0.000%,2020-12-26 13:05:59.852117,2020-12-26
113,SAND,$0.03810,-5.78%,"$5,013,217","$23,742,433","7,774 0.103%",2020-12-26 13:05:59.852117,2020-12-26
114,MTL,$0.35730,1.67%,"$4,102,538","$23,166,350","10,156 0.000%",2020-12-26 13:05:59.852117,2020-12-26
115,BZRX,$0.16470.0000066310,-3.31%,"$7,936,929","$23,163,963","6,626 0.060%",2020-12-26 13:05:59.852117,2020-12-26
116,REQ,$0.02960,2.41%,"$218,880","$22,992,487","36,949 0.005%",2020-12-26 13:05:59.852117,2020-12-26
117,LOOM,$0.02630,2.03%,"$6,755,090","$21,996,431","12,096 -0.008%",2020-12-26 13:05:59.852117,2020-12-26
118,MFT,$0.00230,-0.26%,"$1,831,252","$21,789,363","23,924 -0.004%",2020-12-26 13:05:59.852117,2020-12-26
119,UQC,$2.16000,3.64%,"$3,572,794","$21,633,639","3,939 0.000%",2020-12-26 13:05:59.852117,2020-12-26
120,ICN,$0.21670.0000209390,--,$0,"$21,441,525","14,528 0.000%",2020-12-26 13:05:59.852117,2020-12-26
121,FUN,$0.00360,-2.21%,"$330,307","$21,441,219","76,655 0.001%",2020-12-26 13:05:59.852117,2020-12-26
122,YCC,$0.00640,-1.88%,"$106,783","$20,787,876","3,637 0.000%",2020-12-26 13:05:59.852117,2020-12-26
123,QSP,$0.02850,4.27%,"$919,313","$20,260,445","42,133 0.007%",2020-12-26 13:05:59.852117,2020-12-26
124,MRPH,$0.57210,0.86%,"$1,406,725","$20,226,577","5,149 0.039%",2020-12-26 13:05:59.852117,2020-12-26
125,RCN,$0.03830,0.05%,"$488,605","$19,851,162","22,292 0.031%",2020-12-26 13:05:59.852117,2020-12-26
126,DEC,$0.30660,--,$409,"$19,318,823","4,979 0.000%",2020-12-26 13:05:59.852117,2020-12-26
127,AURA,$0.03390,-1.91%,"$781,805","$19,179,368","42,119 0.000%",2020-12-26 13:05:59.852117,2020-12-26
128,CELR,$0.00480,-1.53%,"$2,948,035","$19,053,064","5,479 0.018%",2020-12-26 13:05:59.852117,2020-12-26
129,DENT,$0.00020,-0.14%,"$743,101","$18,465,409","36,835 -0.019%",2020-12-26 13:05:59.852117,2020-12-26
130,PLTC,$0.51410,3.79%,"$368,883","$18,378,556","1,101 0.000%",2020-12-26 13:05:59.852117,2020-12-26
131,wCUSD,$1.00000,-0.40%,"$479,432","$18,333,138",1 0.000%,2020-12-26 13:05:59.852117,2020-12-26
132,LAMB,$0.01440.0000005812,-1.04%,"$5,112,203","$18,025,761","14,803 0.000%",2020-12-26 13:05:59.852117,2020-12-26
133,CND,$0.00890,16.43%,"$118,477","$17,711,653","26,107 0.015%",2020-12-26 13:05:59.852117,2020-12-26
134,RFR,$0.00350,-2.27%,"$2,900,912","$17,296,485","63,827 0.000%",2020-12-26 13:05:59.852117,2020-12-26
135,LON,$2.15000,-9.69%,"$42,513,784","$16,991,289","46,771 0.430%",2020-12-26 13:05:59.852117,2020-12-26
136,NET,$0.00240.0000000967,3.56%,"$1,104,968","$16,967,924","3,111 0.000%",2020-12-26 13:05:59.852117,2020-12-26
137,STMX,$0.00230.0000002058,1.29%,"$233,063","$16,886,877","25,460 -0.008%",2020-12-26 13:05:59.852117,2020-12-26
138,DGD,$121.10000,3.09%,"$119,179","$16,762,963","8,899 0.000%",2020-12-26 13:05:59.852117,2020-12-26
139,PPT,$0.45650,7.04%,"$2,327,298","$16,622,234","27,881 -0.004%",2020-12-26 13:05:59.852117,2020-12-26
140,ZCN,$0.33530,3.34%,"$160,857","$16,229,489","23,517 0.004%",2020-12-26 13:05:59.852117,2020-12-26
141,DREP,$0.00400.0000001602,-5.03%,"$2,350,331","$15,873,052","2,188 0.000%",2020-12-26 13:05:59.852117,2020-12-26
142,CRE,$0.00180,3.56%,"$1,456,522","$15,391,097","18,182 0.000%",2020-12-26 13:05:59.852117,2020-12-26
143,GUSD,$0.99850,-1.43%,"$2,816,950","$15,380,078","3,503 0.029%",2020-12-26 13:05:59.852117,2020-12-26
144,STPT,$0.01610,0.48%,"$1,171,791","$14,795,773","12,747 -0.008%",2020-12-26 13:05:59.852117,2020-12-26
145,MDT,$0.02440,6.22%,"$1,496,793","$14,698,534","25,126 0.004%",2020-12-26 13:05:59.852117,2020-12-26
146,SAI,$3.27000,3.97%,"$3,657","$14,579,415","178,731 -0.001%",2020-12-26 13:05:59.852117,2020-12-26
147,BLZ,$0.05540,-3.71%,"$5,201,815","$14,086,062","25,407 0.004%",2020-12-26 13:05:59.852117,2020-12-26
148,CRPT,$0.16570,-13.32%,"$350,433","$14,066,293",888 0.113%,2020-12-26 13:05:59.852117,2020-12-26
149,PROM,$2.27000,-1.01%,"$965,154","$13,901,069","1,739 0.000%",2020-12-26 13:05:59.852117,2020-12-26
150,GTO,$0.01710,13.77%,"$25,032,120","$13,764,936","115,458 0.000%",2020-12-26 13:05:59.852117,2020-12-26
151,DUSK,$0.04550,-3.89%,"$702,714","$13,696,894","14,578 0.213%",2020-12-26 13:05:59.852117,2020-12-26
152,DF,$0.11060,-1.08%,"$2,189,758","$13,686,971","1,456 0.000%",2020-12-26 13:05:59.852117,2020-12-26
153,FX,$0.05890.0000023727,0.71%,"$115,656","$13,539,376","4,334 0.023%",2020-12-26 13:05:59.852117,2020-12-26
154,MEDX,$0.00370.0000003981,-1.76%,"$124,540","$12,823,655","2,817 0.000%",2020-12-26 13:05:59.852117,2020-12-26
155,DRGN,$0.04780,0.04%,"$41,175","$12,781,136","40,331 0.000%",2020-12-26 13:05:59.852117,2020-12-26
156,MET,$1.11000,5.05%,"$492,187","$12,599,477","3,769 0.000%",2020-12-26 13:05:59.852117,2020-12-26
157,NAS,$0.27510,-2.55%,"$3,064,472","$12,561,413","14,578 0.000%",2020-12-26 13:05:59.852117,2020-12-26
158,QNTU,$0.00040,--,$12,"$12,533,102","9,864 0.000%",2020-12-26 13:05:59.852117,2020-12-26
159,B2BX,$0.75150,--,$625,"$12,237,332","10,335 0.000%",2020-12-26 13:05:59.852117,2020-12-26
160,SRN,$0.02290,8.23%,"$3,870,313","$12,064,566","19,222 0.010%",2020-12-26 13:05:59.852117,2020-12-26
161,QASH,$0.03420,9.06%,"$1,166,125","$11,944,962","13,059 0.015%",2020-12-26 13:05:59.852117,2020-12-26
162,XET,$0.19610.00003066,10.97%,"$414,834","$11,852,861","9,031 0.000%",2020-12-26 13:05:59.852117,2020-12-26
163,QRL,$0.15790,-3.19%,"$3,452","$11,506,566","2,505 0.000%",2020-12-26 13:05:59.852117,2020-12-26
164,AST,$0.06540,-4.34%,"$571,957","$11,219,985","10,671 0.009%",2020-12-26 13:05:59.852117,2020-12-26
165,MDA,$0.57100,16.72%,"$724,571","$11,196,830","3,660 0.000%",2020-12-26 13:05:59.852117,2020-12-26
166,AWC,$1.05290.0000423822,2.01%,"$24,446","$11,164,945","42,732 0.000%",2020-12-26 13:05:59.852117,2020-12-26
167,TKN,$0.32270,4.29%,"$267,089","$11,147,406","7,125 -0.014%",2020-12-26 13:05:59.852117,2020-12-26
168,MTA,$0.84640,-3.59%,"$5,420,898","$11,080,818","4,789 -0.042%",2020-12-26 13:05:59.852117,2020-12-26
169,IQN,$2.13000,2.08%,"$353,733","$10,917,226","5,572 0.000%",2020-12-26 13:05:59.852117,2020-12-26
170,PNT,$0.38990,-4.28%,"$2,122,345","$10,845,419","8,215 0.012%",2020-12-26 13:05:59.852117,2020-12-26
171,RDN,$0.15970,-0.65%,"$666,304","$10,683,700","14,821 0.007%",2020-12-26 13:05:59.852117,2020-12-26
172,NKN,$0.01820.0000007328,-5.59%,"$694,656","$10,626,208","11,842 0.000%",2020-12-26 13:05:59.852117,2020-12-26
173,KAN,$0.00190,2.61%,"$809,348","$10,473,276","53,971 0.000%",2020-12-26 13:05:59.852117,2020-12-26
174,AERGO,$0.03850,1.83%,"$1,206,171","$10,175,289","4,662 0.064%",2020-12-26 13:05:59.852117,2020-12-26
175,CAS,$0.01540,-1.11%,"$114,447","$10,109,250","12,541 0.008%",2020-12-26 13:05:59.852117,2020-12-26
176,SENT,$0.00500,12.18%,"$89,762","$9,982,778","2,721 0.037%",2020-12-26 13:05:59.852117,2020-12-26
177,DOS,$0.07540,-2.59%,"$412,468","$9,923,991","9,003 0.044%",2020-12-26 13:05:59.852117,2020-12-26
178,cBAT,$0.00440,-0.56%,"$20,436","$9,810,806","5,939 -0.017%",2020-12-26 13:05:59.852117,2020-12-26
179,FSN,$0.15210,-0.83%,"$1,356,621","$9,806,945","9,824 0.000%",2020-12-26 13:05:59.852117,2020-12-26
180,COCOS,$0.00020,-1.60%,"$850,135","$9,692,541","14,299 0.000%",2020-12-26 13:05:59.852117,2020-12-26
181,CHR,$0.02150,-2.13%,"$1,846,888","$9,662,246","7,369 0.000%",2020-12-26 13:05:59.852117,2020-12-26
182,LIKE,$0.00940,2.23%,"$48,980","$9,526,590","15,332 0.000%",2020-12-26 13:05:59.852117,2020-12-26
183,PLU,$4.94000,7.75%,"$554,211","$9,410,928","6,403 0.031%",2020-12-26 13:05:59.852117,2020-12-26
184,WTC,$0.29560,0.11%,"$1,316,301","$9,334,563","26,241 0.000%",2020-12-26 13:05:59.852117,2020-12-26
185,BZ,$0.07220,-1.71%,"$1,863,085","$9,292,672","1,069 0.000%",2020-12-26 13:05:59.852117,2020-12-26
186,DMT,$0.17720,2.15%,"$1,133,516","$9,022,824","4,912 0.000%",2020-12-26 13:05:59.852117,2020-12-26
187,COIN,$0.18260,-3.99%,"$487,377","$8,623,391","3,078 0.000%",2020-12-26 13:05:59.852117,2020-12-26
188,LOC,$0.50710,0.83%,$819,"$8,372,964","35,084 0.000%",2020-12-26 13:05:59.852117,2020-12-26
189,DEW,$0.08070.0000097702,--,$0,"$8,327,635","4,722 0.000%",2020-12-26 13:05:59.852117,2020-12-26
190,AOG,$0.11250.0000045265,2.67%,$0,"$8,297,087",978 0.000%,2020-12-26 13:05:59.852117,2020-12-26
191,TEL,$0.00020,4.08%,"$46,741","$8,227,027","17,660 -0.006%",2020-12-26 13:05:59.852117,2020-12-26
192,DOCK,$0.01450,6.91%,"$3,757,526","$8,054,989","30,550 0.000%",2020-12-26 13:05:59.852117,2020-12-26
193,ST,$0.01130,2.51%,"$1,277,417","$7,833,882","10,428 0.010%",2020-12-26 13:05:59.852117,2020-12-26
194,VITE,$0.01270,-2.03%,"$747,971","$7,656,217","7,596 0.000%",2020-12-26 13:05:59.852117,2020-12-26
195,BHPC,$0.83060.0002094464,0.85%,"$1,978,681","$7,583,496","45,150 0.000%",2020-12-26 13:05:59.852117,2020-12-26
196,HAKKA,$0.05090,8.81%,"$457,093","$7,545,769","4,353 0.023%",2020-12-26 13:05:59.852117,2020-12-26
197,AOA,$0.00170,-3.98%,"$637,933","$7,416,665","101,392 0.005%",2020-12-26 13:05:59.852117,2020-12-26
198,PAI,$0.00900,1.60%,"$74,859","$7,209,399","93,806 0.000%",2020-12-26 13:05:59.852117,2020-12-26
199,BIX,$0.06270,3.68%,"$2,152,075","$7,180,485","11,289 0.000%",2020-12-26 13:05:59.852117,2020-12-26
200,MITx,$0.01710,4.54%,"$1,294,610","$7,170,499","111,520 0.002%",2020-12-26 13:05:59.852117,2020-12-26
201,UPP,$0.02170,4.14%,"$1,583,274","$7,162,490","19,089 0.000%",2020-12-26 13:06:00.579643,2020-12-26
202,COV,$0.36130,2.62%,"$88,389","$7,137,710","7,625 0.026%",2020-12-26 13:06:00.579643,2020-12-26
203,DGTX,$0.00800,-14.49%,"$2,150,876","$7,126,154","14,196 -0.007%",2020-12-26 13:06:00.579643,2020-12-26
204,PMA,$0.00030,-19.84%,"$6,021","$6,872,274","12,167 0.008%",2020-12-26 13:06:00.579643,2020-12-26
205,ABT,$0.06930,0.90%,"$3,680,263","$6,869,615","17,989 0.000%",2020-12-26 13:06:00.579643,2020-12-26
206,Dentacoin,$0.00000,-2.94%,"$156,102","$6,607,961","42,049 0.014%",2020-12-26 13:06:00.579643,2020-12-26
207,VEE,$0.00200,0.37%,$921,"$6,455,282","7,156 0.014%",2020-12-26 13:06:00.579643,2020-12-26
208,GRID,$0.16250,3.51%,"$80,293","$6,398,975","3,946 0.000%",2020-12-26 13:06:00.579643,2020-12-26
209,ARC,$4.29540.00038822,--,$0,"$6,328,271",188 0.000%,2020-12-26 13:06:00.579643,2020-12-26
210,INSTAR,$0.02970,-14.85%,"$5,046","$6,270,089","12,808 0.000%",2020-12-26 13:06:00.579643,2020-12-26
211,GVT,$1.41000,-2.14%,"$419,239","$6,261,941","6,646 0.015%",2020-12-26 13:06:00.579643,2020-12-26
212,XMX,$0.00020,0.80%,"$443,648","$6,235,856","145,922 0.000%",2020-12-26 13:06:00.579643,2020-12-26
213,PAY,$0.05290,-1.38%,"$37,289,610","$6,175,774","57,424 -0.002%",2020-12-26 13:06:00.579643,2020-12-26
214,CMT,$0.00770,-3.22%,"$1,008,629","$6,133,657","22,413 0.000%",2020-12-26 13:06:00.579643,2020-12-26
215,MCB,$2.89000,-5.80%,"$351,149","$6,029,480","1,132 -0.177%",2020-12-26 13:06:00.579643,2020-12-26
216,BAAS,$0.00120,-0.06%,"$762,939","$6,021,884","14,458 0.000%",2020-12-26 13:06:00.579643,2020-12-26
217,DSLA,$0.00100,0.93%,"$222,918","$5,950,411","2,326 0.172%",2020-12-26 13:06:00.579643,2020-12-26
218,UTNP,$0.00190,26.13%,"$74,848","$5,947,890","12,369 0.000%",2020-12-26 13:06:00.579643,2020-12-26
219,EVX,$0.26740,-0.81%,"$981,797","$5,929,315","6,703 0.000%",2020-12-26 13:06:00.579643,2020-12-26
220,LCX,$0.01040,1.62%,"$496,444","$5,810,796","3,294 0.061%",2020-12-26 13:06:00.579643,2020-12-26
221,PRE,$0.01420,-3.00%,"$12,397","$5,658,626","8,120 0.025%",2020-12-26 13:06:00.579643,2020-12-26
222,REV,$0.01170,-0.07%,"$6,960,604","$5,655,196","89,012 0.000%",2020-12-26 13:06:00.579643,2020-12-26
223,TOP,$0.00110.0000000441,0.02%,"$113,302","$5,647,508","1,039 0.000%",2020-12-26 13:06:00.579643,2020-12-26
224,VERI,$2.62160.0001055215,-11.31%,"$1,745","$5,635,406","22,679 -0.013%",2020-12-26 13:06:00.579643,2020-12-26
225,KEY,$0.00200,-2.29%,"$639,981","$5,622,643","10,028 -0.020%",2020-12-26 13:06:00.579643,2020-12-26
226,SAN,$0.08790,-1.74%,"$18,900","$5,613,044","2,363 0.000%",2020-12-26 13:06:00.579643,2020-12-26
227,NGC,$0.06980,5.29%,"$2,153","$5,434,957","47,714 0.000%",2020-12-26 13:06:00.579643,2020-12-26
228,MOC,$0.01950,5.94%,"$3,071,999","$5,411,081","6,576 0.000%",2020-12-26 13:06:00.579643,2020-12-26
229,pBTC,"$23,907.00000",49.32%,$3,"$5,408,731",602 0.000%,2020-12-26 13:06:00.579643,2020-12-26
230,FOAM,$0.01540,5.05%,"$15,573","$5,316,428","2,839 0.000%",2020-12-26 13:06:00.579643,2020-12-26
231,RARI,$2.11000,-7.42%,"$1,329,005","$5,285,018","8,248 0.061%",2020-12-26 13:06:00.579643,2020-12-26
232,CFI,$0.01600.0000041027,--,$0,"$5,214,430","4,817 0.000%",2020-12-26 13:06:00.579643,2020-12-26
233,BMC,$0.03450,3.98%,"$1,584,791","$5,100,844","8,551 0.000%",2020-12-26 13:06:00.579643,2020-12-26
234,SWFTC,$0.00080,-2.62%,"$1,825,989","$5,099,234","23,018 0.000%",2020-12-26 13:06:00.579643,2020-12-26
235,SNTVT,$0.00210,-0.90%,"$147,832","$5,033,029","5,550 -0.036%",2020-12-26 13:06:00.579643,2020-12-26
236,DGX,$64.87000,21.67%,"$7,750","$5,011,042","2,091 0.000%",2020-12-26 13:06:00.579643,2020-12-26
237,GEN,$0.10620,-19.58%,"$187,321","$4,990,150","7,642 0.000%",2020-12-26 13:06:00.579643,2020-12-26
238,PRO,$0.08780,4.51%,"$61,957","$4,960,123","9,177 0.000%",2020-12-26 13:06:00.579643,2020-12-26
239,RUFF,$0.00530,-2.94%,"$381,530","$4,959,317","51,530 0.000%",2020-12-26 13:06:00.579643,2020-12-26
240,BC,$0.02380.0000009600,5.74%,$0,"$4,943,193","9,455 0.000%",2020-12-26 13:06:00.579643,2020-12-26
241,TCT,$0.00850,-4.40%,"$731,004","$4,939,491","22,284 0.000%",2020-12-26 13:06:00.579643,2020-12-26
242,JRT,$0.05590,5.35%,"$256,728","$4,910,777","2,588 0.116%",2020-12-26 13:06:00.579643,2020-12-26
243,BRD,$0.07590,15.25%,"$165,990","$4,857,123","24,085 0.008%",2020-12-26 13:06:00.579643,2020-12-26
244,GET,$0.29530,-3.29%,"$70,217","$4,845,444","10,311 0.000%",2020-12-26 13:06:00.579643,2020-12-26
245,POA20,$0.01660,-2.20%,"$134,664","$4,784,355",672 0.000%,2020-12-26 13:06:00.579643,2020-12-26
246,MAN,$0.03130,5.71%,"$328,922","$4,675,307","23,304 0.000%",2020-12-26 13:06:00.579643,2020-12-26
247,CBC,$0.02240,128.06%,"$63,597","$4,659,011","2,979 0.101%",2020-12-26 13:06:00.579643,2020-12-26
248,ABL,$0.01650,2.51%,"$192,530","$4,617,663","5,150 0.000%",2020-12-26 13:06:00.579643,2020-12-26
249,BEAT,$0.00370,--,$332,"$4,575,215","5,935 0.000%",2020-12-26 13:06:00.579643,2020-12-26
250,SNC,$0.03700,0.59%,"$360,568","$4,559,473","3,671 0.000%",2020-12-26 13:06:00.579643,2020-12-26
251,CDT,$0.00660,6.52%,"$140,335","$4,444,372","15,949 0.006%",2020-12-26 13:06:00.579643,2020-12-26
252,WPR,$0.00700,-6.40%,"$208,299","$4,243,978","50,432 -0.002%",2020-12-26 13:06:00.579643,2020-12-26
253,OAX,$0.07410,-2.93%,"$167,766","$4,186,992","6,179 0.000%",2020-12-26 13:06:00.579643,2020-12-26
254,DTX,$0.01850,--,$46,"$4,173,630","1,426 0.000%",2020-12-26 13:06:00.579643,2020-12-26
255,EDR,$0.00570,0.39%,"$548,903","$4,122,252","10,905 0.000%",2020-12-26 13:06:00.579643,2020-12-26
256,TAU,$0.02610,9.25%,"$52,211","$4,073,922","8,595 0.000%",2020-12-26 13:06:00.579643,2020-12-26
257,PLR,$0.01530,-3.52%,"$18,036","$3,957,356","22,946 0.009%",2020-12-26 13:06:00.579643,2020-12-26
258,SPND,$0.00410,1.17%,"$665,097","$3,946,409","11,683 0.000%",2020-12-26 13:06:00.579643,2020-12-26
259,AUC,$0.10960,6.03%,"$13,184","$3,814,670","3,310 0.000%",2020-12-26 13:06:00.579643,2020-12-26
260,SNM,$0.00870,-2.73%,"$149,325","$3,810,055","17,934 0.000%",2020-12-26 13:06:00.579643,2020-12-26
261,NEU,$0.13250,-7.12%,"$1,160","$3,809,049","2,626 0.000%",2020-12-26 13:06:00.579643,2020-12-26
262,SPC,$0.02070,-0.02%,"$34,221","$3,786,128",883 0.000%,2020-12-26 13:06:00.579643,2020-12-26
263,YOU,$0.00510,2.23%,"$652,297","$3,714,741","13,889 0.000%",2020-12-26 13:06:00.579643,2020-12-26
264,BPT,$0.05720,-5.86%,"$53,386","$3,709,067","9,058 0.000%",2020-12-26 13:06:00.579643,2020-12-26
265,cWBTC,$501.92000,5.21%,"$2,328,251","$3,584,788","2,686 -0.037%",2020-12-26 13:06:00.579643,2020-12-26
266,SOC,$0.00300,1.68%,"$165,436","$3,471,147","23,619 0.000%",2020-12-26 13:06:00.579643,2020-12-26
267,UCT,$0.00650,-0.35%,$104,"$3,415,923","15,076 0.000%",2020-12-26 13:06:00.579643,2020-12-26
268,SENSE,$0.00300,4.17%,$1,"$3,410,241","1,586 0.000%",2020-12-26 13:06:00.579643,2020-12-26
269,MTC,$0.00450,57.50%,"$820,181","$3,408,705","22,877 0.000%",2020-12-26 13:06:00.579643,2020-12-26
270,QAU,$0.04550.00000700,14.39%,$0,"$3,403,039",494 0.000%,2020-12-26 13:06:00.579643,2020-12-26
271,HPB,$0.08850,2.96%,"$94,596","$3,366,043","4,916 0.000%",2020-12-26 13:06:00.579643,2020-12-26
272,BDT,$0.03270,--,$0,"$3,333,331","2,957 0.000%",2020-12-26 13:06:00.579643,2020-12-26
273,RNT,$0.01160,-1.39%,"$508,918","$3,318,560","54,946 0.000%",2020-12-26 13:06:00.579643,2020-12-26
274,SNGLS,$0.00370,-7.10%,"$153,410","$3,317,425","10,006 0.000%",2020-12-26 13:06:00.579643,2020-12-26
275,LGO,$0.02060,8.51%,"$6,093","$3,307,699","8,485 -0.012%",2020-12-26 13:06:00.579643,2020-12-26
276,SPANK,$0.00550,0.05%,$270,"$3,301,140","5,402 0.000%",2020-12-26 13:06:00.579643,2020-12-26
277,DLT,$0.03950,9.81%,"$98,222","$3,224,540","7,732 0.000%",2020-12-26 13:06:00.579643,2020-12-26
278,CARD,$0.00110,-10.49%,"$80,072","$3,158,369","6,124 0.000%",2020-12-26 13:06:00.579643,2020-12-26
279,CAN,$0.03540,-0.22%,"$959,799","$3,143,290","63,254 0.000%",2020-12-26 13:06:00.579643,2020-12-26
280,ITC,$0.04350,2.28%,"$1,138,485","$3,096,784","21,912 0.000%",2020-12-26 13:06:00.579643,2020-12-26
281,CZR,$0.00320,--,$166,"$3,049,790","6,338 0.000%",2020-12-26 13:06:00.579643,2020-12-26
282,WINGS,$0.03330,5.36%,"$13,047","$3,045,894","11,558 0.000%",2020-12-26 13:06:00.579643,2020-12-26
283,VIB,$0.01650,-3.15%,"$722,753","$3,012,428","7,810 0.000%",2020-12-26 13:06:00.579643,2020-12-26
284,MDS,$0.00260,-2.98%,"$170,746","$2,956,324","14,777 0.000%",2020-12-26 13:06:00.579643,2020-12-26
285,OIO,$0.00330.0000003938,--,$0,"$2,932,805","15,010 0.000%",2020-12-26 13:06:00.579643,2020-12-26
286,BOK,$0.00440.0000006173,--,$0,"$2,855,183",283 0.000%,2020-12-26 13:06:00.579643,2020-12-26
287,YEE,$0.00100,1.80%,"$190,934","$2,851,723","90,170 0.000%",2020-12-26 13:06:00.579643,2020-12-26
288,GNX,$0.00940,6.86%,"$618,378","$2,830,528","40,154 0.000%",2020-12-26 13:06:00.579643,2020-12-26
289,ABYSS,$0.01230,3.31%,"$129,803","$2,817,327","11,604 0.009%",2020-12-26 13:06:00.579643,2020-12-26
290,MSP,$0.01530,--,$8,"$2,792,425","2,808 0.000%",2020-12-26 13:06:00.579643,2020-12-26
291,TEN,$0.02430,0.96%,"$209,282","$2,777,266","4,162 0.000%",2020-12-26 13:06:00.579643,2020-12-26
292,MFG,$0.01040,12.92%,$931,"$2,754,414","9,930 0.010%",2020-12-26 13:06:00.579643,2020-12-26
293,SDA,$0.00380.0000010962,-13.75%,"$8,977","$2,704,681","105,398 0.000%",2020-12-26 13:06:00.579643,2020-12-26
294,OCN,$0.00030,-0.31%,"$147,708","$2,666,193","234,961 0.000%",2020-12-26 13:06:00.579643,2020-12-26
295,FAIR,$0.00380,4.05%,"$2,267,478","$2,665,169","87,886 0.000%",2020-12-26 13:06:00.579643,2020-12-26
296,VIBE,$0.01420,-1.39%,"$94,744","$2,651,814","3,934 0.000%",2020-12-26 13:06:00.579643,2020-12-26
297,AMN,$0.00370,10.21%,"$30,022","$2,618,270","3,262 0.000%",2020-12-26 13:06:00.579643,2020-12-26
298,APPC,$0.02360,-1.84%,"$92,712","$2,600,077","8,993 0.000%",2020-12-26 13:06:00.579643,2020-12-26
299,UIP,$0.00200,-1.03%,"$250,866","$2,532,045","6,055 0.000%",2020-12-26 13:06:00.579643,2020-12-26
300,CPAY,$0.06380,4.56%,"$5,271","$2,464,884","2,456 0.000%",2020-12-26 13:06:00.579643,2020-12-26
301,CS,$0.01460,8.87%,"$672,699","$2,443,537","18,628 0.000%",2020-12-26 13:06:01.499899,2020-12-26
302,CHP,$0.00770,-0.37%,"$14,840","$2,433,743","7,768 0.000%",2020-12-26 13:06:01.499899,2020-12-26
303,UGAS,$0.00860,3.88%,"$312,541","$2,425,467","5,384 0.000%",2020-12-26 13:06:01.499899,2020-12-26
304,UUU,$0.00030,1.21%,"$530,041","$2,359,091","18,779 0.000%",2020-12-26 13:06:01.499899,2020-12-26
305,BZNT,$0.00510,-0.30%,"$232,857","$2,357,693","3,177 0.031%",2020-12-26 13:06:01.499899,2020-12-26
306,MTH,$0.00650,-4.74%,"$110,014","$2,345,755","7,971 0.000%",2020-12-26 13:06:01.499899,2020-12-26
307,EGT,$0.00060,0.28%,"$489,815","$2,304,917","17,489 0.000%",2020-12-26 13:06:01.499899,2020-12-26
308,1WO,$0.09170,2.14%,"$6,810","$2,296,889","27,701 0.000%",2020-12-26 13:06:01.499899,2020-12-26
309,KRL,$0.16780,1.08%,"$89,765","$2,268,188","7,222 0.028%",2020-12-26 13:06:01.499899,2020-12-26
310,IDRT,$0.00010,0.32%,"$470,668","$2,266,473","9,138 0.011%",2020-12-26 13:06:01.499899,2020-12-26
311,YOYOW,$0.01270,20.29%,"$2,955,726","$2,262,291","2,174 0.000%",2020-12-26 13:06:01.499899,2020-12-26
312,DAGT,$0.10790,10.38%,"$3,153,252","$2,249,703","43,347 0.000%",2020-12-26 13:06:01.499899,2020-12-26
313,AUTO,$0.00030,1.65%,"$49,936","$2,231,415","10,992 0.000%",2020-12-26 13:06:01.499899,2020-12-26
314,TRIO,$0.00080,14.30%,"$602,902","$2,227,188","18,045 0.000%",2020-12-26 13:06:01.499899,2020-12-26
315,INT,$0.00540,4.03%,"$1,002,705","$2,224,055","82,824 0.000%",2020-12-26 13:06:01.499899,2020-12-26
316,DCC,$0.00070.0000000832,--,$0,"$2,212,434","61,314 0.000%",2020-12-26 13:06:01.499899,2020-12-26
317,LA,$0.03380,1.91%,"$40,175","$2,205,502","4,327 0.000%",2020-12-26 13:06:01.499899,2020-12-26
318,BKBT,$0.00050,18.69%,"$675,628","$2,195,909","28,342 0.000%",2020-12-26 13:06:01.499899,2020-12-26
319,JNT,$0.01280,-0.36%,"$75,752","$2,173,917","7,887 0.000%",2020-12-26 13:06:01.499899,2020-12-26
320,GEEQ,$0.31540.0000126959,-1.76%,"$158,416","$2,141,316","1,243 0.000%",2020-12-26 13:06:01.499899,2020-12-26
321,BCPT,$0.01840,-5.12%,"$114,045","$2,138,261","18,088 0.000%",2020-12-26 13:06:01.499899,2020-12-26
322,NCT,$0.00140,-2.87%,"$572,110","$2,130,319","5,475 0.000%",2020-12-26 13:06:01.499899,2020-12-26
323,XYO,$0.00030,5.36%,"$3,740","$2,123,223","31,969 -0.006%",2020-12-26 13:06:01.499899,2020-12-26
324,CPC,$0.00520,2.79%,"$41,490","$2,120,984","8,621 0.000%",2020-12-26 13:06:01.499899,2020-12-26
325,nCash,$0.00070,0.83%,"$133,683","$2,028,037","71,488 0.003%",2020-12-26 13:06:01.499899,2020-12-26
326,VSF,$0.00020,1585.69%,$1,"$2,022,597",666 0.000%,2020-12-26 13:06:01.499899,2020-12-26
327,SKM,$0.00190,6.08%,"$447,702","$2,021,559","11,387 0.000%",2020-12-26 13:06:01.499899,2020-12-26
328,Xaurum,$0.02830,4.38%,"$25,892","$2,017,907","3,656 0.000%",2020-12-26 13:06:01.499899,2020-12-26
329,VIN,$0.00340.0000001374,1.96%,"$92,773","$2,013,631","478,880 0.000%",2020-12-26 13:06:01.499899,2020-12-26
330,CLN,$0.01980.0000018032,--,$0,"$1,976,611","6,103 0.000%",2020-12-26 13:06:01.499899,2020-12-26
331,REM,$0.00200,-0.48%,"$101,578","$1,924,084","5,416 -0.037%",2020-12-26 13:06:01.499899,2020-12-26
332,USE,$0.00040,4.51%,$17,"$1,920,509","40,357 0.000%",2020-12-26 13:06:01.499899,2020-12-26
333,NDX,$0.00010.0000000051,5.75%,$0,"$1,885,818","5,966 0.000%",2020-12-26 13:06:01.499899,2020-12-26
334,Gene,$0.00410,1.43%,$0,"$1,878,049","83,283 0.000%",2020-12-26 13:06:01.499899,2020-12-26
335,UCASH,$0.00020,-1.83%,$3,"$1,875,403","319,073 0.000%",2020-12-26 13:06:01.499899,2020-12-26
336,BLT,$0.03310,8.24%,"$4,420","$1,873,297","18,423 0.011%",2020-12-26 13:06:01.499899,2020-12-26
337,HIT,$0.00000,1.85%,"$40,240","$1,869,525","10,127 0.000%",2020-12-26 13:06:01.499899,2020-12-26
338,BCDT,$0.05100,-3.58%,"$10,444","$1,866,000",959 -0.104%,2020-12-26 13:06:01.499899,2020-12-26
339,HTB,$0.00450,5.24%,"$76,242","$1,851,763",773 0.000%,2020-12-26 13:06:01.499899,2020-12-26
340,AMLT,$0.00550,1.92%,"$1,434","$1,850,356","6,200 -0.016%",2020-12-26 13:06:01.499899,2020-12-26
341,QBX,$0.00440,-28.87%,$1,"$1,834,342","20,889 0.000%",2020-12-26 13:06:01.499899,2020-12-26
342,HMC,$0.00450,5.17%,"$18,284","$1,809,659","63,719 0.000%",2020-12-26 13:06:01.499899,2020-12-26
343,DACC,$0.00000,-47.34%,"$94,891","$1,804,126","143,729 0.000%",2020-12-26 13:06:01.499899,2020-12-26
344,LBA,$0.00270,-1.20%,"$732,739","$1,798,946","31,955 0.000%",2020-12-26 13:06:01.499899,2020-12-26
345,PRO,$0.03600,--,$55,"$1,798,927","51,069 0.000%",2020-12-26 13:06:01.499899,2020-12-26
346,HYDRO,$0.00020,14.03%,"$195,158","$1,796,745","8,979 -0.011%",2020-12-26 13:06:01.499899,2020-12-26
347,TTU,$0.01780.0000046187,--,$0,"$1,721,318","2,673 0.000%",2020-12-26 13:06:01.499899,2020-12-26
348,ODEM,$0.00760,-21.74%,"$43,996","$1,688,737","14,652 0.000%",2020-12-26 13:06:01.499899,2020-12-26
349,BITTO,$0.16920,-18.08%,"$138,442","$1,650,129","2,342 0.000%",2020-12-26 13:06:01.499899,2020-12-26
350,ADST,$0.04630,5.89%,"$1,005","$1,604,115",939 0.000%,2020-12-26 13:06:01.499899,2020-12-26
351,cV,$0.00020,-0.50%,"$23,698","$1,601,075","14,116 0.000%",2020-12-26 13:06:01.499899,2020-12-26
352,CAG,$0.08120,1.94%,$758,"$1,596,562","4,367 0.000%",2020-12-26 13:06:01.499899,2020-12-26
353,LXT,$0.00120,3.40%,"$1,227,422","$1,587,986","121,142 0.000%",2020-12-26 13:06:01.499899,2020-12-26
354,AMB,$0.01090,-4.75%,"$324,673","$1,583,468","376,652 0.000%",2020-12-26 13:06:01.499899,2020-12-26
355,QUN,$0.00230,-2.58%,"$325,572","$1,562,288","11,850 0.000%",2020-12-26 13:06:01.499899,2020-12-26
356,AIR,$0.00150.00000034,--,$0,"$1,550,734","3,792 0.000%",2020-12-26 13:06:01.499899,2020-12-26
357,ETHV,$0.13490,11.20%,"$66,121","$1,545,344","2,402 0.000%",2020-12-26 13:06:01.499899,2020-12-26
358,NTK,$0.01800,2.13%,$248,"$1,537,154","15,965 0.000%",2020-12-26 13:06:01.499899,2020-12-26
359,HOT,$0.00380,2.06%,"$117,323","$1,526,862","25,270 0.000%",2020-12-26 13:06:01.499899,2020-12-26
360,TOL,$0.00690,8.07%,"$53,784","$1,508,788","3,464 0.000%",2020-12-26 13:06:01.499899,2020-12-26
361,BOE,$0.10100.0000093781,5.16%,"$4,222","$1,496,043","2,272 0.000%",2020-12-26 13:06:01.499899,2020-12-26
362,CXO,$0.00920,1.25%,"$9,009","$1,463,938","3,652 0.000%",2020-12-26 13:06:01.499899,2020-12-26
363,VLD,$0.00430.0000001738,8.10%,$0,"$1,440,850","1,663 0.000%",2020-12-26 13:06:01.499899,2020-12-26
364,DIT,$0.00300,--,$2,"$1,427,513",559 0.000%,2020-12-26 13:06:01.499899,2020-12-26
365,CONI,$0.00670,-1.48%,"$537,034","$1,423,197",590 0.000%,2020-12-26 13:06:01.499899,2020-12-26
366,BCV,$0.00160,7.95%,"$1,256,475","$1,405,168","35,039 0.000%",2020-12-26 13:06:01.499899,2020-12-26
367,HOLD,$0.00200,--,"$1,081","$1,393,662","10,244 0.000%",2020-12-26 13:06:01.499899,2020-12-26
368,SPN,$0.00410,-14.70%,$751,"$1,391,826","10,992 0.000%",2020-12-26 13:06:01.499899,2020-12-26
369,ATL,$0.04430,83.33%,$587,"$1,341,968","6,749 0.000%",2020-12-26 13:06:01.499899,2020-12-26
370,TNT,$0.00310,-11.85%,"$25,385","$1,332,519","22,851 0.000%",2020-12-26 13:06:01.499899,2020-12-26
371,ZIP,$0.00010,2.60%,$0,"$1,332,294","11,272 0.000%",2020-12-26 13:06:01.499899,2020-12-26
372,PRC,$0.00020,-27.80%,$0,"$1,314,578",68 0.000%,2020-12-26 13:06:01.499899,2020-12-26
373,GHOST,$0.08640,-2.81%,"$109,891","$1,302,372","3,195 0.000%",2020-12-26 13:06:01.499899,2020-12-26
374,MT,$0.00070,4.08%,"$155,604","$1,298,079","36,382 0.000%",2020-12-26 13:06:01.499899,2020-12-26
375,IONC,$0.00300,-67.48%,"$5,359","$1,295,769","123,523 0.000%",2020-12-26 13:06:01.499899,2020-12-26
376,SNTR,$0.00000,--,$0,"$1,249,493","35,972 0.000%",2020-12-26 13:06:01.499899,2020-12-26
377,HVN,$0.00340,30.71%,$422,"$1,234,489","3,924 0.000%",2020-12-26 13:06:01.499899,2020-12-26
378,DAX,$0.00350,4.81%,"$5,134","$1,232,698","9,386 0.000%",2020-12-26 13:06:01.499899,2020-12-26
379,CNN,$0.00000,7.42%,"$63,365","$1,230,804","100,471 0.000%",2020-12-26 13:06:01.499899,2020-12-26
380,MLC,$0.00700.0000002799,3.66%,$0,"$1,225,029","3,985 0.000%",2020-12-26 13:06:01.499899,2020-12-26
381,AXPR,$0.00430.0000001722,-12.08%,"$37,807","$1,196,355",119 0.000%,2020-12-26 13:06:01.499899,2020-12-26
382,MWAT,$0.00260,-1.11%,"$64,789","$1,195,786","64,904 0.000%",2020-12-26 13:06:01.499899,2020-12-26
383,DAPS,$0.00000,-15.34%,"$7,931","$1,193,285","5,005 0.000%",2020-12-26 13:06:01.499899,2020-12-26
384,ROX,$0.00450,3.88%,$374,"$1,181,634","5,314 0.000%",2020-12-26 13:06:01.499899,2020-12-26
385,COS,$0.00590.0000006323,--,$0,"$1,164,194",609 0.000%,2020-12-26 13:06:01.499899,2020-12-26
386,EXRN,$0.00000,-27.06%,"$32,712","$1,145,274","5,892 0.000%",2020-12-26 13:06:01.499899,2020-12-26
387,TIME,$1.61000,3.66%,"$20,108","$1,141,031","3,959 0.000%",2020-12-26 13:06:01.499899,2020-12-26
388,CTR,$0.01650.00000216,--,$0,"$1,120,552","15,413 0.006%",2020-12-26 13:06:01.499899,2020-12-26
389,FREE,$0.00000,-3.51%,"$16,622","$1,120,108","40,293 0.002%",2020-12-26 13:06:01.499899,2020-12-26
390,OGO,$0.00700,-2.38%,"$401,161","$1,119,846","3,636 0.000%",2020-12-26 13:06:01.499899,2020-12-26
391,TFL,$0.16540,1.43%,"$123,977","$1,103,636","1,254 0.000%",2020-12-26 13:06:01.499899,2020-12-26
392,PTN,$0.00270,1.82%,"$9,032","$1,087,835","13,702 0.000%",2020-12-26 13:06:01.499899,2020-12-26
393,FLOT,$0.01130,21.51%,"$636,266","$1,083,582","6,340 0.000%",2020-12-26 13:06:01.499899,2020-12-26
394,DRT,$0.00100,-55.44%,$299,"$1,064,429","8,404 0.000%",2020-12-26 13:06:01.499899,2020-12-26
395,BOX,$0.00110,-4.47%,"$3,385,594","$1,060,592","30,439 0.000%",2020-12-26 13:06:01.499899,2020-12-26
396,STM,$0.02930.0000011803,0.72%,$0,"$1,055,249","5,876 0.000%",2020-12-26 13:06:01.499899,2020-12-26
397,IVY,$0.00320,--,$0,"$1,052,647","41,201 0.000%",2020-12-26 13:06:01.499899,2020-12-26
398,INXT,$1.65000,-17.88%,"$73,769","$1,041,622","1,422 -0.070%",2020-12-26 13:06:01.499899,2020-12-26
399,CHX,$0.00760,1.53%,"$322,376","$1,036,218","3,708 0.000%",2020-12-26 13:06:01.499899,2020-12-26
400,EDU,$0.00010,4.89%,"$65,700","$1,032,101","56,368 0.000%",2020-12-26 13:06:01.499899,2020-12-26
401,HMQ,$0.00540,-11.59%,"$136,732","$1,025,266","5,906 0.000%",2020-12-26 13:06:02.269556,2020-12-26
402,FDZ,$0.00170,16.24%,"$31,509","$1,004,656","43,206 0.000%",2020-12-26 13:06:02.269556,2020-12-26
403,ERO,$0.00530,--,$204,"$994,297","1,741 0.000%",2020-12-26 13:06:02.269556,2020-12-26
404,ZXC,$0.00240,1.55%,"$276,303","$985,504","14,055 0.000%",2020-12-26 13:06:02.269556,2020-12-26
405,CNUS,$0.00160,3.64%,$55,"$984,587","4,908 0.000%",2020-12-26 13:06:02.269556,2020-12-26
406,ZMN,$0.00160,--,$8,"$973,868","1,196 -0.084%",2020-12-26 13:06:02.269556,2020-12-26
407,BGBP,$1.39000,--,"$167,712","$972,146",49 0.000%,2020-12-26 13:06:02.269556,2020-12-26
408,LKY,$0.01910.0000020450,--,$0,"$956,924","2,739 0.000%",2020-12-26 13:06:02.269556,2020-12-26
409,ATN,$0.01090,0.29%,"$1,088,799","$941,470","17,221 0.000%",2020-12-26 13:06:02.269556,2020-12-26
410,BITX,$0.00580,5.43%,"$4,397","$938,893","2,145 0.000%",2020-12-26 13:06:02.269556,2020-12-26
411,ETBS,$0.67020,--,$47,"$932,638",931 0.000%,2020-12-26 13:06:02.269556,2020-12-26
412,PPP,$0.00990,-8.00%,$441,"$906,252","14,583 0.000%",2020-12-26 13:06:02.269556,2020-12-26
413,SSP,$0.00020,-0.49%,"$134,994","$890,876","36,761 0.000%",2020-12-26 13:06:02.269556,2020-12-26
414,EKO,$0.00170,1.20%,"$144,495","$853,737","18,518 0.000%",2020-12-26 13:06:02.269556,2020-12-26
415,CBT,$0.00470,-12.81%,"$2,936","$827,113","2,475 0.000%",2020-12-26 13:06:02.269556,2020-12-26
416,0xBTC,$0.11560,4.18%,"$515,501","$809,181","7,267 0.014%",2020-12-26 13:06:02.269556,2020-12-26
417,IIC,$0.00010,-3.92%,"$83,406","$799,856","69,758 0.000%",2020-12-26 13:06:02.269556,2020-12-26
418,MOZO,$0.00100.00000016,--,$0,"$792,416","2,812 0.000%",2020-12-26 13:06:02.269556,2020-12-26
419,AVT,$0.09690,-25.56%,"$47,617","$784,708","3,533 0.000%",2020-12-26 13:06:02.269556,2020-12-26
420,SNET,$0.00360,10.40%,"$142,750","$784,230",485 0.000%,2020-12-26 13:06:02.269556,2020-12-26
421,FNKOS,$0.00500,--,$0,"$777,334","77,779 0.000%",2020-12-26 13:06:02.269556,2020-12-26
422,FTI,$0.00010,2.88%,"$196,258","$757,163","141,415 0.000%",2020-12-26 13:06:02.269556,2020-12-26
423,BQTX,$0.00130.0000000518,-8.13%,"$1,323","$752,632","18,637 0.000%",2020-12-26 13:06:02.269556,2020-12-26
424,QCH,$0.03490,4.08%,"$4,532","$745,222","11,135 0.000%",2020-12-26 13:06:02.269556,2020-12-26
425,CTXC,$0.07300,-2.13%,"$2,258,394","$736,431","22,622 0.000%",2020-12-26 13:06:02.269556,2020-12-26
426,EDN,$0.00120,-2.36%,"$16,924","$734,269","3,577 0.000%",2020-12-26 13:06:02.269556,2020-12-26
427,MGO,$0.00950,20.00%,"$1,280,299","$731,681","14,980 0.000%",2020-12-26 13:06:02.269556,2020-12-26
428,BAX,$0.00000,-4.90%,"$8,943","$724,387","14,005 0.007%",2020-12-26 13:06:02.269556,2020-12-26
429,UBEX,$0.00020,0.41%,"$677,576","$718,045","14,997 0.000%",2020-12-26 13:06:02.269556,2020-12-26
430,HKN,$0.13000.0000180288,--,$0,"$713,353","3,117 0.000%",2020-12-26 13:06:02.269556,2020-12-26
431,DAPPT,$0.00050,0.17%,"$60,764","$704,171","4,498 0.000%",2020-12-26 13:06:02.269556,2020-12-26
432,ADB,$0.00090,-9.34%,"$24,257","$700,365","5,978 0.000%",2020-12-26 13:06:02.269556,2020-12-26
433,YEED,$0.00010,-2.29%,"$61,082","$676,017","9,424 0.000%",2020-12-26 13:06:02.269556,2020-12-26
434,BEPRO,$0.00040,-9.81%,"$110,801","$667,691",829 0.000%,2020-12-26 13:06:02.269556,2020-12-26
435,DAT,$0.00070,3.10%,"$1,017,990","$665,954","11,611 0.000%",2020-12-26 13:06:02.269556,2020-12-26
436,HAT,$0.45560.00005500,0.48%,$0,"$659,113","2,073 0.000%",2020-12-26 13:06:02.269556,2020-12-26
437,REAL,$0.05160,--,$114,"$647,610","4,328 0.000%",2020-12-26 13:06:02.269556,2020-12-26
438,GMT,$0.00500,--,$16,"$630,089","2,869 0.000%",2020-12-26 13:06:02.269556,2020-12-26
439,EBC,$0.00010,-43.56%,$4,"$626,863","18,903 0.000%",2020-12-26 13:06:02.269556,2020-12-26
440,FTN,$0.00700.0000002819,-13.13%,"$2,704","$621,063","1,802 0.000%",2020-12-26 13:06:02.269556,2020-12-26
441,HSC,$0.00000,0.96%,"$5,122","$618,582","29,939 0.000%",2020-12-26 13:06:02.269556,2020-12-26
442,PTOY,$0.00730,7.73%,"$16,343","$610,773","4,046 0.025%",2020-12-26 13:06:02.269556,2020-12-26
443,INS,$0.00430,-8.60%,"$140,431","$610,249","18,452 0.000%",2020-12-26 13:06:02.269556,2020-12-26
444,BLUE,$0.01650,4.77%,"$690,710","$609,921","4,221 0.000%",2020-12-26 13:06:02.269556,2020-12-26
445,CHART,$0.01130,-35.86%,"$43,688","$598,465","2,242 0.178%",2020-12-26 13:06:02.269556,2020-12-26
446,BTO,$0.00110,-3.98%,"$5,487","$595,745","15,722 0.000%",2020-12-26 13:06:02.269556,2020-12-26
447,NCC,$0.00140,2.56%,"$56,671","$588,194","3,441 0.000%",2020-12-26 13:06:02.269556,2020-12-26
448,PST,$0.01130,-1.91%,"$4,112,589","$583,590","14,894 0.000%",2020-12-26 13:06:02.269556,2020-12-26
449,TYPE,$0.00080,-66.08%,$193,"$581,467","20,057 0.000%",2020-12-26 13:06:02.269556,2020-12-26
450,ORME,$0.04900,41.40%,"$103,944","$580,230","4,166 0.000%",2020-12-26 13:06:02.269556,2020-12-26
451,X8X,$0.00740,-1.97%,$79,"$577,997","1,256 0.000%",2020-12-26 13:06:02.269556,2020-12-26
452,TALAO,$0.05530.0000105176,--,$0,"$565,464","4,516 0.000%",2020-12-26 13:06:02.269556,2020-12-26
453,RPD,$0.00010,2.34%,$130,"$558,538",205 0.000%,2020-12-26 13:06:02.269556,2020-12-26
454,HBZ,$0.00060,--,$20,"$552,946","20,666 0.000%",2020-12-26 13:06:02.269556,2020-12-26
455,IHT,$0.00050,-3.50%,"$7,648","$552,904","61,186 0.000%",2020-12-26 13:06:02.269556,2020-12-26
456,MTN,$0.00190,2.34%,"$24,103","$552,719","6,884 0.000%",2020-12-26 13:06:02.269556,2020-12-26
457,LCS,$0.01420,-15.54%,"$5,696","$542,581","4,335 0.000%",2020-12-26 13:06:02.269556,2020-12-26
458,Rating,$0.00010,1.75%,"$16,925","$540,943","5,938 0.000%",2020-12-26 13:06:02.269556,2020-12-26
459,NEXT,$0.08470.0000089602,-0.63%,$602,"$527,843","3,170 0.000%",2020-12-26 13:06:02.269556,2020-12-26
460,FYP,$0.03110,6.69%,"$19,072","$526,799","1,001 -0.200%",2020-12-26 13:06:02.269556,2020-12-26
461,GSE,$0.00000,-0.97%,"$20,088","$525,856","305,902 0.000%",2020-12-26 13:06:02.269556,2020-12-26
462,BANCA,$0.00000,9.49%,"$42,738","$516,485","21,628 0.000%",2020-12-26 13:06:02.269556,2020-12-26
463,BGG,$0.00050,-6.68%,"$48,546","$515,705",160 0.000%,2020-12-26 13:06:02.269556,2020-12-26
464,CPY,$0.01060.0000012065,--,$0,"$512,170","11,705 0.000%",2020-12-26 13:06:02.269556,2020-12-26
465,OWN,$0.00000,--,$0,"$511,135",601 0.000%,2020-12-26 13:06:02.269556,2020-12-26
466,STX,$0.00990,-3.37%,$190,"$509,696","18,364 0.000%",2020-12-26 13:06:02.269556,2020-12-26
467,POE,$0.00020,1.33%,$514,"$505,080","18,636 0.005%",2020-12-26 13:06:02.269556,2020-12-26
468,DEB,$0.00240,0.67%,"$47,331","$502,954","12,838 0.000%",2020-12-26 13:06:02.269556,2020-12-26
469,renBCH,$321.26000,8.82%,"$7,065","$500,173",54 0.000%,2020-12-26 13:06:02.269556,2020-12-26
470,ASTRO,$0.16610,3.55%,"$8,366","$495,226","1,684 -0.178%",2020-12-26 13:06:02.269556,2020-12-26
471,VZT,$0.01230.0000013198,--,$0,"$494,794","1,694 0.000%",2020-12-26 13:06:02.269556,2020-12-26
472,BCDN,$0.00140,13.85%,"$2,398","$493,876","33,221 0.000%",2020-12-26 13:06:02.269556,2020-12-26
473,THRT,$0.00410,59.50%,$7,"$490,480","14,000 0.000%",2020-12-26 13:06:02.269556,2020-12-26
474,AID,$0.00890,0.81%,$27,"$489,013","26,993 0.000%",2020-12-26 13:06:02.269556,2020-12-26
475,OLE,$0.00170.0000001588,--,$0,"$482,970","113,833 0.000%",2020-12-26 13:06:02.269556,2020-12-26
476,OTB,$0.00660,21.64%,"$3,428","$475,341","4,841 0.000%",2020-12-26 13:06:02.269556,2020-12-26
477,,$1.73000,--,"$4,647","$465,979",739 0.000%,2020-12-26 13:06:02.269556,2020-12-26
478,SS,$0.00200,15.09%,"$17,173","$464,215","4,786 -0.021%",2020-12-26 13:06:02.269556,2020-12-26
479,RTE,$0.00040,-3.55%,"$78,853","$464,064","18,240 0.000%",2020-12-26 13:06:02.269556,2020-12-26
480,PYLNT,$0.80880,5.65%,$345,"$461,128","1,017 0.000%",2020-12-26 13:06:02.269556,2020-12-26
481,GLA,$0.02950.0000075514,--,$0,"$460,205","9,551 0.000%",2020-12-26 13:06:02.269556,2020-12-26
482,MTX,$0.01950,-2.75%,"$65,347","$457,049","2,262 0.000%",2020-12-26 13:06:02.269556,2020-12-26
483,WIZ,$0.09120,--,$136,"$443,865","2,013 0.000%",2020-12-26 13:06:02.269556,2020-12-26
484,RVT,$0.01540,--,$97,"$442,802","7,207 0.000%",2020-12-26 13:06:02.269556,2020-12-26
485,BOX,$0.01230,-11.32%,"$10,791","$435,296","20,309 0.000%",2020-12-26 13:06:02.269556,2020-12-26
486,IDH,$0.00130,9.94%,$5,"$433,218","18,288 0.000%",2020-12-26 13:06:02.269556,2020-12-26
487,FACE,$0.00080,7.93%,$504,"$432,621","18,836 0.000%",2020-12-26 13:06:02.269556,2020-12-26
488,DRPU,$0.12240.0000144223,--,$0,"$432,105",333 0.000%,2020-12-26 13:06:02.269556,2020-12-26
489,DBET,$0.01700,17.86%,$0,"$426,845","3,446 0.000%",2020-12-26 13:06:02.269556,2020-12-26
490,ONG,$0.00460,7.84%,"$11,599","$418,873","9,247 0.022%",2020-12-26 13:06:02.269556,2020-12-26
491,BOB,$0.00160,51.47%,"$14,396","$409,371","26,161 0.004%",2020-12-26 13:06:02.269556,2020-12-26
492,TNS,$0.00670,28.67%,"$769,368","$408,523","2,561 0.000%",2020-12-26 13:06:02.269556,2020-12-26
493,TIX,$0.00890,--,$0,"$404,538","2,242 0.000%",2020-12-26 13:06:02.269556,2020-12-26
494,GAT,$0.00060,--,$10,"$404,415","3,777 0.000%",2020-12-26 13:06:02.269556,2020-12-26
495,renZEC,$63.13000,16.68%,"$63,371","$402,869",118 -0.847%,2020-12-26 13:06:02.269556,2020-12-26
496,ADT,$0.00050,3.09%,$11,"$402,709","1,706 0.000%",2020-12-26 13:06:02.269556,2020-12-26
497,IPC,$0.01420,-1.59%,"$35,941","$401,206","7,082 0.000%",2020-12-26 13:06:02.269556,2020-12-26
498,ZCO,$0.00080,0.19%,$903,"$398,715","9,122 0.000%",2020-12-26 13:06:02.269556,2020-12-26
499,EDG,$0.00340,5.22%,$78,"$394,757","7,275 0.014%",2020-12-26 13:06:02.269556,2020-12-26
500,ORS,$0.00200,-3.42%,"$1,630,987","$391,435","5,227 0.000%",2020-12-26 13:06:02.269556,2020-12-26
501,STRC,$0.08480.00001286,--,$0,"$381,573",501 0.000%,2020-12-26 13:06:02.980017,2020-12-26
502,REX,$0.04320,45.52%,$35,"$376,905",853 0.000%,2020-12-26 13:06:02.980017,2020-12-26
503,BDG,$0.00100,--,$162,"$371,178","77,804 0.000%",2020-12-26 13:06:02.980017,2020-12-26
504,LATX,$0.00310,--,$0,"$368,067","66,559 0.000%",2020-12-26 13:06:02.980017,2020-12-26
505,AT,$0.00790,--,$0,"$360,298",425 0.000%,2020-12-26 13:06:02.980017,2020-12-26
506,HERO,$0.02910.0000040767,--,$0,"$351,734","11,034 0.000%",2020-12-26 13:06:02.980017,2020-12-26
507,DPY,$0.00570,4.69%,"$5,485","$350,866","6,212 0.000%",2020-12-26 13:06:02.980017,2020-12-26
508,KZE,$0.09290.0000100130,--,$0,"$346,936",147 0.000%,2020-12-26 13:06:02.980017,2020-12-26
509,COVA,$0.00020,7.15%,"$67,895","$346,445","31,784 0.000%",2020-12-26 13:06:02.980017,2020-12-26
510,DATx,$0.00030,26.70%,"$454,918","$344,706","58,211 0.003%",2020-12-26 13:06:02.980017,2020-12-26
511,NBC,$0.00510,9.18%,$24,"$342,092","7,561 0.000%",2020-12-26 13:06:02.980017,2020-12-26
512,EMV,$0.05040.00000678,--,$0,"$331,091","3,571 0.000%",2020-12-26 13:06:02.980017,2020-12-26
513,ELEC,$0.00060,0.57%,"$5,330","$329,430","127,323 0.001%",2020-12-26 13:06:02.980017,2020-12-26
514,STK,$0.00090,-5.92%,"$22,993","$328,572","11,355 0.000%",2020-12-26 13:06:02.980017,2020-12-26
515,ZSC,$0.00020,30.05%,"$10,396","$328,471","60,043 0.000%",2020-12-26 13:06:02.980017,2020-12-26
516,HGT,$0.00090,4.13%,$0,"$327,074","10,314 0.000%",2020-12-26 13:06:02.980017,2020-12-26
517,TOS,$0.00040,-1.83%,"$4,258","$326,221","108,136 0.000%",2020-12-26 13:06:02.980017,2020-12-26
518,EVC,$0.01020,15.02%,"$9,966","$317,634","22,437 0.000%",2020-12-26 13:06:02.980017,2020-12-26
519,MXM,$0.00010,-6.29%,$25,"$314,601","170,850 0.000%",2020-12-26 13:06:02.980017,2020-12-26
520,HAC,$0.00110,--,$0,"$314,042",649 0.000%,2020-12-26 13:06:02.980017,2020-12-26
521,VRS,$0.25560.0000102886,-0.55%,"$17,303","$313,807",120 -0.833%,2020-12-26 13:06:02.980017,2020-12-26
522,EXMR,$0.04930.0000019854,0.79%,"$485,628","$311,277","1,163 0.000%",2020-12-26 13:06:02.980017,2020-12-26
523,DAV,$0.00040,-38.90%,"$540,090","$310,387","18,915 0.000%",2020-12-26 13:06:02.980017,2020-12-26
524,SENC,$0.00100,5.40%,"$5,584","$309,032","3,838 0.000%",2020-12-26 13:06:02.980017,2020-12-26
525,PARKGENE,$0.00110,-1.88%,$498,"$305,213","2,532 0.000%",2020-12-26 13:06:02.980017,2020-12-26
526,PC,$0.00010,-0.22%,"$65,123","$304,605","17,125 0.000%",2020-12-26 13:06:02.980017,2020-12-26
527,IMT,$0.00000,2.66%,"$4,245","$303,280","60,259 0.000%",2020-12-26 13:06:02.980017,2020-12-26
528,SUB,$0.00120,5.89%,$587,"$300,358","34,162 0.000%",2020-12-26 13:06:02.980017,2020-12-26
529,SPHTX,$0.00080,-0.14%,$188,"$293,108","8,406 0.000%",2020-12-26 13:06:02.980017,2020-12-26
530,FTX,$0.00350,2.59%,$675,"$290,742","5,308 0.000%",2020-12-26 13:06:02.980017,2020-12-26
531,WTT,$0.04510,--,$0,"$288,052",648 0.000%,2020-12-26 13:06:02.980017,2020-12-26
532,XPA,$0.00500.0000004567,--,$0,"$286,747",335 0.000%,2020-12-26 13:06:02.980017,2020-12-26
533,DTH,$0.00330,2.11%,$735,"$280,840","4,484 0.000%",2020-12-26 13:06:02.980017,2020-12-26
534,KNOW,$0.00230,3.28%,"$347,719","$279,303","27,354 0.000%",2020-12-26 13:06:02.980017,2020-12-26
535,BBN,$0.00040.0000000462,--,$0,"$272,703","14,425 0.000%",2020-12-26 13:06:02.980017,2020-12-26
536,VDX,$0.00050,-46.46%,$35,"$268,922",823 0.000%,2020-12-26 13:06:02.980017,2020-12-26
537,PLAY,$0.00180,0.23%,"$4,162","$266,862","8,339 0.000%",2020-12-26 13:06:02.980017,2020-12-26
538,FID,$0.00230.0000004297,--,$0,"$265,656",558 0.000%,2020-12-26 13:06:02.980017,2020-12-26
539,ZIPT,$0.00070,--,$2,"$265,622","2,749 0.000%",2020-12-26 13:06:02.980017,2020-12-26
540,MVC,$0.00370,116.72%,"$1,754","$265,309","17,898 0.000%",2020-12-26 13:06:02.980017,2020-12-26
541,TKP,$0.00880,3.65%,"$25,353","$263,909","1,790 0.000%",2020-12-26 13:06:02.980017,2020-12-26
542,WIKI,$0.99020,-35.00%,$324,"$263,596",324 0.000%,2020-12-26 13:06:02.980017,2020-12-26
543,EVE,$0.00410,7.75%,"$8,205","$262,884","3,567 0.000%",2020-12-26 13:06:02.980017,2020-12-26
544,ABX,$0.01250,-0.32%,"$49,006","$251,484","2,254 0.000%",2020-12-26 13:06:02.980017,2020-12-26
545,PAT,$0.00000,0.02%,$609,"$251,006","4,691 0.000%",2020-12-26 13:06:02.980017,2020-12-26
546,ESS,$0.00030,3.26%,"$8,884","$249,816","18,984 0.000%",2020-12-26 13:06:02.980017,2020-12-26
547,FLP,$0.00450.0000001796,52.58%,$247,"$249,712","3,800 0.000%",2020-12-26 13:06:02.980017,2020-12-26
548,FOTA,$0.00070,5.67%,$512,"$249,532","50,367 0.000%",2020-12-26 13:06:02.980017,2020-12-26
549,XBP,$0.00070,3.51%,$25,"$249,528","21,921 0.000%",2020-12-26 13:06:02.980017,2020-12-26
550,XNK,$0.00060,-1.22%,"$4,143","$243,613","11,911 0.000%",2020-12-26 13:06:02.980017,2020-12-26
551,FUEL,$0.00020,1.63%,"$5,385","$241,290","61,522 0.002%",2020-12-26 13:06:02.980017,2020-12-26
552,IOV,$0.00000,--,$19,"$240,024","1,844,069 0.000%",2020-12-26 13:06:02.980017,2020-12-26
553,Bez,$0.00370,5.21%,"$716,239","$238,022","6,451 0.000%",2020-12-26 13:06:02.980017,2020-12-26
554,FLIXX,$0.00450,1.28%,$31,"$231,766","2,928 0.000%",2020-12-26 13:06:02.980017,2020-12-26
555,LUN,$0.08470,25.36%,"$128,573","$230,661","8,674 0.000%",2020-12-26 13:06:02.980017,2020-12-26
556,FXT,$0.00030,--,$0,"$220,761","8,717 0.000%",2020-12-26 13:06:02.980017,2020-12-26
557,fdX,$0.00210.0000002229,--,$0,"$218,545","3,660 0.000%",2020-12-26 13:06:02.980017,2020-12-26
558,LCT,$0.09980.00001148,--,$0,"$215,641","1,504 0.000%",2020-12-26 13:06:02.980017,2020-12-26
559,RMESH,$0.00300.0000001203,5.17%,$0,"$212,709","2,082 0.000%",2020-12-26 13:06:02.980017,2020-12-26
560,COFI,$0.00090,-1.56%,"$9,896","$208,993","63,083 0.002%",2020-12-26 13:06:02.980017,2020-12-26
561,MIB,$0.00280,-3.01%,$19,"$205,852","7,381 0.000%",2020-12-26 13:06:02.980017,2020-12-26
562,TIE,$0.00500,--,$3,"$205,484",918 0.000%,2020-12-26 13:06:02.980017,2020-12-26
563,KAT,$0.23120.00003561,--,$0,"$202,905","1,410 0.000%",2020-12-26 13:06:02.980017,2020-12-26
564,OSA,$0.00010.0000000156,0.70%,"$5,767","$201,649","3,808 0.000%",2020-12-26 13:06:02.980017,2020-12-26
565,IND,$0.00450,2.79%,$126,"$201,566","62,617 0.000%",2020-12-26 13:06:02.980017,2020-12-26
566,NPER,$0.00290.0000003305,-1.90%,"$25,961","$200,708","2,375 0.000%",2020-12-26 13:06:02.980017,2020-12-26
567,COB,$0.00050,--,$53,"$198,605","19,932 0.000%",2020-12-26 13:06:02.980017,2020-12-26
568,XLAB,$0.00000.0000000016,16.81%,$97,"$196,996","101,223 0.000%",2020-12-26 13:06:02.980017,2020-12-26
569,GOT,$0.00270,5.73%,"$29,956","$195,159","13,326 0.000%",2020-12-26 13:06:02.980017,2020-12-26
570,MNTP,$0.10750,13.17%,$62,"$193,630","5,207 0.000%",2020-12-26 13:06:02.980017,2020-12-26
571,TBX,$0.01620,4.79%,"$5,328","$189,999","1,832 0.055%",2020-12-26 13:06:02.980017,2020-12-26
572,SGN,$0.00160,--,$47,"$185,399","15,644 0.000%",2020-12-26 13:06:02.980017,2020-12-26
573,AXN,$0.00060,--,$0,"$181,657","3,475 0.000%",2020-12-26 13:06:02.980017,2020-12-26
574,IPSX,$0.00020,--,$17,"$180,619","3,561 0.000%",2020-12-26 13:06:02.980017,2020-12-26
575,ABLX,$0.00000,--,$5,"$175,411","1,356 0.000%",2020-12-26 13:06:02.980017,2020-12-26
576,DXT,$0.00040,-11.81%,"$10,408","$175,332","8,042 0.012%",2020-12-26 13:06:02.980017,2020-12-26
577,MAS,$0.00050,-55.65%,"$6,053","$171,155","2,117 0.000%",2020-12-26 13:06:02.980017,2020-12-26
578,MORE,$13.04010.0013933904,--,$0,"$169,701",50 0.000%,2020-12-26 13:06:02.980017,2020-12-26
579,TIC,$0.00000,7.53%,"$11,822","$165,911","4,963 0.000%",2020-12-26 13:06:02.980017,2020-12-26
580,SWT,$0.01930,0.38%,"$2,698","$164,707","3,130 0.000%",2020-12-26 13:06:02.980017,2020-12-26
581,S,$0.00010,--,$337,"$163,351","3,139 0.000%",2020-12-26 13:06:02.980017,2020-12-26
582,A,$0.00320,3.90%,$684,"$161,973","8,423 0.000%",2020-12-26 13:06:02.980017,2020-12-26
583,eGAS,$0.01590.00000189,--,$0,"$161,889","2,053 0.000%",2020-12-26 13:06:02.980017,2020-12-26
584,IDXM,$80.68000,--,$406,"$161,363","1,596 0.000%",2020-12-26 13:06:02.980017,2020-12-26
585,GST,$0.00060,1709.62%,$883,"$159,211","1,204 0.000%",2020-12-26 13:06:02.980017,2020-12-26
586,ALT,$0.00020,-17.72%,$91,"$157,065","7,207 0.000%",2020-12-26 13:06:02.980017,2020-12-26
587,STAR,$0.00080,0.39%,"$263,982","$157,025","3,376 0.000%",2020-12-26 13:06:02.980017,2020-12-26
588,WTL,$0.00390.0000003863,--,$0,"$156,574",904 0.000%,2020-12-26 13:06:02.980017,2020-12-26
589,CMCT,$0.00010,-19.35%,$103,"$154,790","3,560 0.000%",2020-12-26 13:06:02.980017,2020-12-26
590,ETK,$0.00010,--,$0,"$153,306","21,365 0.000%",2020-12-26 13:06:02.980017,2020-12-26
591,JET,$0.01820,3.44%,"$106,485","$152,754",461 0.000%,2020-12-26 13:06:02.980017,2020-12-26
592,DOV,$0.00050,-25.83%,$12,"$151,815","2,690 0.000%",2020-12-26 13:06:02.980017,2020-12-26
593,TMT,$0.00030,5.90%,"$10,890","$150,846","6,831 0.000%",2020-12-26 13:06:02.980017,2020-12-26
594,SRCOIN,$0.00000,--,$4,"$148,373","1,120 0.000%",2020-12-26 13:06:02.980017,2020-12-26
595,TRAK,$0.00180.0000001888,--,$0,"$147,852","5,531 0.000%",2020-12-26 13:06:02.980017,2020-12-26
596,OPT,$0.00100,--,$0,"$146,443","2,998 0.000%",2020-12-26 13:06:02.980017,2020-12-26
597,DROP,$0.00000,--,$248,"$142,340","44,835 0.000%",2020-12-26 13:06:02.980017,2020-12-26
598,STQ,$0.00000,7.23%,$3,"$142,317","57,168 0.000%",2020-12-26 13:06:02.980017,2020-12-26
599,BERRY,$0.00050,-1.66%,$515,"$140,531","6,993 0.000%",2020-12-26 13:06:02.980017,2020-12-26
600,NTK,$0.00000,-4.43%,$8,"$138,896","13,955 -0.007%",2020-12-26 13:06:02.980017,2020-12-26
601,VOISE,$0.00020,--,$2,"$138,748","3,823 0.000%",2020-12-26 13:06:03.857560,2020-12-26
602,MTC,$0.00040.0000000327,--,$0,"$138,417","15,690 0.000%",2020-12-26 13:06:03.857560,2020-12-26
603,RCT,$0.00020,--,"$5,122","$138,379","123,426 0.000%",2020-12-26 13:06:03.857560,2020-12-26
604,TDP,$0.00340,-33.23%,"$3,896","$137,159","3,583 0.000%",2020-12-26 13:06:03.857560,2020-12-26
605,PKG,$0.00000,0.49%,"$4,886","$133,774","3,666 0.000%",2020-12-26 13:06:03.857560,2020-12-26
606,BNTY,$0.00080,3.13%,"$2,531","$132,104","20,390 0.000%",2020-12-26 13:06:03.857560,2020-12-26
607,ETG,$0.00730,-69.99%,$48,"$131,687","2,634 0.000%",2020-12-26 13:06:03.857560,2020-12-26
608,GRX,$0.01010,--,$78,"$131,205","11,075 0.000%",2020-12-26 13:06:03.857560,2020-12-26
609,BBI,$0.02640.00000409,--,$0,"$130,580","6,102 0.000%",2020-12-26 13:06:03.857560,2020-12-26
610,WRC,$0.00070,2.96%,$1,"$129,092","29,215 0.000%",2020-12-26 13:06:03.857560,2020-12-26
611,TSL,$0.00020,-4.87%,$477,"$128,495","4,261 0.000%",2020-12-26 13:06:03.857560,2020-12-26
612,LND,$0.00020,-1.18%,$34,"$128,215","5,062 0.000%",2020-12-26 13:06:03.857560,2020-12-26
613,ARTIS,$0.00440,0.29%,$0,"$127,101","2,193 0.000%",2020-12-26 13:06:03.857560,2020-12-26
614,KNT,$0.00040,--,$0,"$125,565","6,201 0.000%",2020-12-26 13:06:03.857560,2020-12-26
615,SPX,$0.00000,--,$0,"$122,175","15,647 0.000%",2020-12-26 13:06:03.857560,2020-12-26
616,INVE,$0.00090,--,$0,"$120,667","1,248 0.000%",2020-12-26 13:06:03.857560,2020-12-26
617,Italian Lira,$0.00000,11.90%,$0,"$119,429",239 0.000%,2020-12-26 13:06:03.857560,2020-12-26
618,TEAM,$0.01160,4.14%,"$3,214","$118,299","4,428 0.000%",2020-12-26 13:06:03.857560,2020-12-26
619,NANJ,$0.00000,--,$0,"$115,047","13,325 0.000%",2020-12-26 13:06:03.857560,2020-12-26
620,RPM,$0.00000.0000000002,--,$0,"$114,816","1,376 0.000%",2020-12-26 13:06:03.857560,2020-12-26
621,CAT,$0.01560.0000014204,--,$0,"$114,790","4,393 0.000%",2020-12-26 13:06:03.857560,2020-12-26
622,PIX,$0.00080.0000000903,--,$0,"$114,051","3,607 0.000%",2020-12-26 13:06:03.857560,2020-12-26
623,LALA,$0.00050.0000000184,5.17%,$0,"$113,883","5,632 0.000%",2020-12-26 13:06:03.857560,2020-12-26
624,PAL,$0.00020,--,"$4,920","$113,251","24,611 0.000%",2020-12-26 13:06:03.857560,2020-12-26
625,ARCT,$0.00020,24.11%,$2,"$113,022","1,447 0.000%",2020-12-26 13:06:03.857560,2020-12-26
626,J8T,$0.00020,--,$0,"$109,838","8,200 0.000%",2020-12-26 13:06:03.857560,2020-12-26
627,HELP,$0.00250,8.30%,"$8,092","$109,614",209 0.000%,2020-12-26 13:06:03.857560,2020-12-26
628,IG,$0.00000,2.87%,"$669,981","$109,234","112,651 0.000%",2020-12-26 13:06:03.857560,2020-12-26
629,BON,$0.01120,--,$0,"$106,869","1,150 0.000%",2020-12-26 13:06:03.857560,2020-12-26
630,BBO,$0.00030,-2.71%,"$10,709","$105,534","3,147 0.000%",2020-12-26 13:06:03.857560,2020-12-26
631,GEM,$0.00020,-0.14%,"$2,775","$104,442","12,428 0.000%",2020-12-26 13:06:03.857560,2020-12-26
632,EPY,$0.01300.0000011850,--,$0,"$102,986","7,997 0.000%",2020-12-26 13:06:03.857560,2020-12-26
633,XBL,$0.03070,74.92%,$2,"$101,616",425 0.000%,2020-12-26 13:06:03.857560,2020-12-26
634,PTT,$0.00000,0.46%,"$223,433","$101,329","80,645 0.000%",2020-12-26 13:06:03.857560,2020-12-26
635,CREDO,$0.00050,--,$0,"$99,180","89,976 0.000%",2020-12-26 13:06:03.857560,2020-12-26
636,PASS,$0.00690.00000108,--,$0,"$98,302",273 0.000%,2020-12-26 13:06:03.857560,2020-12-26
637,BEE,$0.00040.0000000167,5.17%,$0,"$98,255","17,915 0.000%",2020-12-26 13:06:03.857560,2020-12-26
638,BCO,$0.01430,--,$150,"$97,375","2,634 0.000%",2020-12-26 13:06:03.857560,2020-12-26
639,KNDC,$0.00000,198.95%,$84,"$96,024","31,979 0.000%",2020-12-26 13:06:03.857560,2020-12-26
640,HUR,$0.00040,3.11%,$2,"$93,748","35,826 0.000%",2020-12-26 13:06:03.857560,2020-12-26
641,ALI,$0.00000,0.35%,"$4,664","$92,035","13,777 0.000%",2020-12-26 13:06:03.857560,2020-12-26
642,MIC,$0.00230,--,$14,"$91,165","4,788 0.000%",2020-12-26 13:06:03.857560,2020-12-26
643,DUO,$0.00250,3.26%,"$4,497","$90,744",389 0.257%,2020-12-26 13:06:03.857560,2020-12-26
644,XCLR,$0.00020.0000000235,--,$0,"$88,298","8,623 0.012%",2020-12-26 13:06:03.857560,2020-12-26
645,SUR,$0.40010,-0.78%,"$2,833","$87,066",877 0.000%,2020-12-26 13:06:03.857560,2020-12-26
646,AIX,$0.00300.0000002702,--,$0,"$86,866","2,072 0.000%",2020-12-26 13:06:03.857560,2020-12-26
647,PFR,$0.00100,2.76%,"$2,082","$86,737",282 0.000%,2020-12-26 13:06:03.857560,2020-12-26
648,YUKI,$0.00000,--,$0,"$86,053","2,362 0.000%",2020-12-26 13:06:03.857560,2020-12-26
649,EZW,$0.00000,--,$147,"$85,891",380 0.000%,2020-12-26 13:06:03.857560,2020-12-26
650,XCUR,$0.03770,-8.56%,"$64,871","$84,729","1,586 0.000%",2020-12-26 13:06:03.857560,2020-12-26
651,SURE,$0.00150.0000002838,--,$0,"$84,063","13,563 0.000%",2020-12-26 13:06:03.857560,2020-12-26
652,TGAME,$0.00100,3.25%,"$5,570","$83,217","5,696 0.000%",2020-12-26 13:06:03.857560,2020-12-26
653,OMX,$0.00010,--,$0,"$81,279","12,411 0.000%",2020-12-26 13:06:03.857560,2020-12-26
654,BETR,$0.00050,--,$260,"$80,696","2,309 0.000%",2020-12-26 13:06:03.857560,2020-12-26
655,eBCH,$0.00850.00000133,--,$0,"$78,778","1,425 0.000%",2020-12-26 13:06:03.857560,2020-12-26
656,WILD,$0.00120,--,$0,"$76,966","2,631 0.000%",2020-12-26 13:06:03.857560,2020-12-26
657,FND,$0.00150,--,$44,"$75,402","12,094 0.000%",2020-12-26 13:06:03.857560,2020-12-26
658,dow,$0.00630,--,$1,"$74,208",156 0.000%,2020-12-26 13:06:03.857560,2020-12-26
659,CRC,$0.01530,15.22%,$8,"$73,357","4,195 0.000%",2020-12-26 13:06:03.857560,2020-12-26
660,ADI,$0.00030,2.65%,"$30,983","$73,108","12,614 0.000%",2020-12-26 13:06:03.857560,2020-12-26
661,UKG,$0.00050,0.38%,$0,"$72,740","9,931 0.000%",2020-12-26 13:06:03.857560,2020-12-26
662,SKILL,$0.00000,--,$0,"$71,844","1,799 0.000%",2020-12-26 13:06:03.857560,2020-12-26
663,SVD,$0.00000,--,"$1,991","$71,640","22,511 0.000%",2020-12-26 13:06:03.857560,2020-12-26
664,HAND,$0.00000,-28.87%,$35,"$70,772","54,078 -0.002%",2020-12-26 13:06:03.857560,2020-12-26
665,SLT,$0.00030,-0.20%,$98,"$68,462","7,236 0.000%",2020-12-26 13:06:03.857560,2020-12-26
666,PMNT,$0.00010.0000000102,--,$0,"$68,313","11,702 0.000%",2020-12-26 13:06:03.857560,2020-12-26
667,PCH,$0.00010,--,$30,"$66,356","1,564 0.000%",2020-12-26 13:06:03.857560,2020-12-26
668,SPD,$0.00000,-5.08%,$11,"$64,794","16,743 0.006%",2020-12-26 13:06:03.857560,2020-12-26
669,USDQ,$1.01000,15.33%,"$1,134,549","$64,724","1,481 0.000%",2020-12-26 13:06:03.857560,2020-12-26
670,UBC,$0.00020,--,$0,"$64,281","45,315 0.000%",2020-12-26 13:06:03.857560,2020-12-26
671,PRG,$0.00280.0000002435,--,$0,"$63,424","7,573 0.000%",2020-12-26 13:06:03.857560,2020-12-26
672,IFT,$0.00030.0000000300,--,$0,"$63,025","3,279 0.000%",2020-12-26 13:06:03.857560,2020-12-26
673,LOCI,$0.00150,--,$73,"$62,717","4,365 0.000%",2020-12-26 13:06:03.857560,2020-12-26
674,ELY,$0.00050,1.41%,"$269,072","$61,352","31,393 0.000%",2020-12-26 13:06:03.857560,2020-12-26
675,SKIN,$0.00070,1.50%,"$4,553","$60,774","4,054 0.000%",2020-12-26 13:06:03.857560,2020-12-26
676,FOOD,$0.00020,--,$7,"$59,977","1,793 0.000%",2020-12-26 13:06:03.857560,2020-12-26
677,HER,$0.00010,--,$0,"$59,496","67,892 0.000%",2020-12-26 13:06:03.857560,2020-12-26
678,EZT,$0.00500.0000009500,7.06%,$0,"$57,501","2,017 0.000%",2020-12-26 13:06:03.857560,2020-12-26
679,HORSE,$0.00050,--,$0,"$57,407","1,778 0.000%",2020-12-26 13:06:03.857560,2020-12-26
680,PRIX,$0.05140,5.63%,"$17,576","$56,650","1,645 0.000%",2020-12-26 13:06:03.857560,2020-12-26
681,HQT,$0.00030,--,$1,"$56,246","7,040 0.000%",2020-12-26 13:06:03.857560,2020-12-26
682,MTRc,$0.00150.0000001893,--,$0,"$56,211","3,775 0.000%",2020-12-26 13:06:03.857560,2020-12-26
683,VIU,$0.00010.0000000100,--,$0,"$55,265",902 0.000%,2020-12-26 13:06:03.857560,2020-12-26
684,IPL,$0.00020,8.96%,"$1,136","$54,695","3,360 0.000%",2020-12-26 13:06:03.857560,2020-12-26
685,UET,$0.01340.00000175,--,$0,"$53,240",269 0.000%,2020-12-26 13:06:03.857560,2020-12-26
686,KWH,$0.00000,3.21%,"$253,543","$52,676","1,298 0.000%",2020-12-26 13:06:03.857560,2020-12-26
687,BETHER,$0.00010,--,$0,"$52,413","7,727 0.000%",2020-12-26 13:06:03.857560,2020-12-26
688,NxC,$0.00080.0000000755,--,$0,"$51,953","1,002 0.000%",2020-12-26 13:06:03.857560,2020-12-26
689,VOL,$0.00020,-22.16%,$1,"$51,837","1,575 0.000%",2020-12-26 13:06:03.857560,2020-12-26
690,ONL,$0.00230,-65.02%,$868,"$51,048","5,001 0.000%",2020-12-26 13:06:03.857560,2020-12-26
691,BTR,$0.00090.0000000815,--,$0,"$50,752","1,484 0.000%",2020-12-26 13:06:03.857560,2020-12-26
692,ECOM,$0.00130,38.62%,"$159,889","$49,571","6,870 0.000%",2020-12-26 13:06:03.857560,2020-12-26
693,MCAP,$0.00460.0000008820,--,$0,"$48,542","20,884 0.000%",2020-12-26 13:06:03.857560,2020-12-26
694,METM,$0.00030,157.57%,"$5,139","$44,429","7,803 0.000%",2020-12-26 13:06:03.857560,2020-12-26
695,DOR,$0.00010.0000000238,--,$0,"$44,317","11,267 0.000%",2020-12-26 13:06:03.857560,2020-12-26
696,DELTA,$0.00000,1.99%,$253,"$44,259","3,144 0.000%",2020-12-26 13:06:03.857560,2020-12-26
697,QUIN,$0.00000,-2.67%,$186,"$44,258",401 0.000%,2020-12-26 13:06:03.857560,2020-12-26
698,JSE,$0.00010.0000000040,5.17%,$0,"$44,232","3,553 0.000%",2020-12-26 13:06:03.857560,2020-12-26
699,PTS,$0.00010.0000000100,--,$0,"$43,891","3,896 0.000%",2020-12-26 13:06:03.857560,2020-12-26
700,THM,$0.00000,--,$0,"$43,378","30,679 0.000%",2020-12-26 13:06:03.857560,2020-12-26
701,GIM,$0.00050,--,$8,"$42,232",940 0.000%,2020-12-26 13:06:04.705543,2020-12-26
702,MEDIBIT,$0.00000,-27.56%,$198,"$41,922","17,834 0.000%",2020-12-26 13:06:04.705543,2020-12-26
703,XMCT,$0.00040.0000000348,--,$0,"$40,253","7,862 0.000%",2020-12-26 13:06:04.705543,2020-12-26
704,DGPT,$0.01730.00000269,--,$0,"$39,157","2,304 0.000%",2020-12-26 13:06:04.705543,2020-12-26
705,CEN,$0.00040,15.49%,$163,"$38,594","1,930 0.000%",2020-12-26 13:06:04.705543,2020-12-26
706,MCI,$0.00140.0000003939,--,$0,"$37,823",903 0.000%,2020-12-26 13:06:04.705543,2020-12-26
707,REBL,$0.00020.0000000231,--,$0,"$37,400","40,887 0.000%",2020-12-26 13:06:04.705543,2020-12-26
708,EMB,$0.00070.0000002128,--,$0,"$36,918",742 0.000%,2020-12-26 13:06:04.705543,2020-12-26
709,NAVI,$0.00020.0000000138,18.83%,"$8,850","$36,869","108,817 0.000%",2020-12-26 13:06:04.705543,2020-12-26
710,Guppy,$0.00050,-25.74%,$5,"$35,854","12,238 0.000%",2020-12-26 13:06:04.705543,2020-12-26
711,SGP,$0.01790.0000048482,--,$0,"$35,841","7,158 0.000%",2020-12-26 13:06:04.705543,2020-12-26
712,CRED,$0.00230,--,$0,"$35,538","3,808 0.000%",2020-12-26 13:06:04.705543,2020-12-26
713,VNX,$0.00000.0000000012,1.71%,"$4,284","$35,439","4,161 0.000%",2020-12-26 13:06:04.705543,2020-12-26
714,EARTH,$0.00020.0000000206,--,$0,"$34,962","8,232 0.000%",2020-12-26 13:06:04.705543,2020-12-26
715,MOT,$0.00090.0000001074,--,$0,"$34,641","40,592 0.000%",2020-12-26 13:06:04.705543,2020-12-26
716,EVN,$0.00210,30.30%,"$43,547","$34,612","2,676 0.000%",2020-12-26 13:06:04.705543,2020-12-26
717,TKA,$0.00080.0000001557,--,$0,"$34,494","4,434 0.000%",2020-12-26 13:06:04.705543,2020-12-26
718,ELTCOIN,$0.00040,-32.98%,"$3,220","$34,205","2,756 0.000%",2020-12-26 13:06:04.705543,2020-12-26
719,JOT,$0.00240.0000002598,--,$0,"$32,855","82,635 0.000%",2020-12-26 13:06:04.705543,2020-12-26
720,INCO,$0.00000.0000000005,--,$0,"$32,803","1,546 0.000%",2020-12-26 13:06:04.705543,2020-12-26
721,GRT,$2.12000,8.05%,$99,"$32,796",370 0.000%,2020-12-26 13:06:04.705543,2020-12-26
722,BOXX,$0.00100,--,$41,"$31,632","3,549 0.000%",2020-12-26 13:06:04.705543,2020-12-26
723,SAT,$0.00020,-37.72%,$15,"$30,999","65,528 0.000%",2020-12-26 13:06:04.705543,2020-12-26
724,UCN,$0.00010,-13.78%,"$4,390","$30,108","15,131 0.007%",2020-12-26 13:06:04.705543,2020-12-26
725,SWC,$0.00010,--,$8,"$29,916","10,722 0.000%",2020-12-26 13:06:04.705543,2020-12-26
726,KIND,$0.00080,14.05%,$2,"$28,292","4,810 0.000%",2020-12-26 13:06:04.705543,2020-12-26
727,ORI,$0.00660,--,$29,"$27,710",763 0.000%,2020-12-26 13:06:04.705543,2020-12-26
728,CCH,$0.00000.0000000016,--,$86,"$27,374","3,470 0.000%",2020-12-26 13:06:04.705543,2020-12-26
729,ITT,$0.00270,29.48%,"$25,181","$26,899",766 0.000%,2020-12-26 13:06:04.705543,2020-12-26
730,ARB,$0.00650.0000009068,--,$0,"$26,375","1,974 0.000%",2020-12-26 13:06:04.705543,2020-12-26
731,LNC,$0.00020,3.28%,$0,"$25,995","8,136 0.000%",2020-12-26 13:06:04.705543,2020-12-26
732,DTRC,$0.00020,--,$0,"$25,503","5,628 0.000%",2020-12-26 13:06:04.705543,2020-12-26
733,DGS,$0.00010,--,$7,"$25,449",857 0.000%,2020-12-26 13:06:04.705543,2020-12-26
734,DALC,$0.02580,-31.95%,$13,"$24,502",768 0.000%,2020-12-26 13:06:04.705543,2020-12-26
735,STU,$0.00030,6.26%,$2,"$24,056","6,996 0.000%",2020-12-26 13:06:04.705543,2020-12-26
736,RNTB,$0.00000,-16.15%,$0,"$23,386","25,445 0.000%",2020-12-26 13:06:04.705543,2020-12-26
737,NDC,$0.00020.0000000355,--,$0,"$22,510","13,451 0.000%",2020-12-26 13:06:04.705543,2020-12-26
738,CJT,$0.00020,--,$0,"$22,055","4,186 0.000%",2020-12-26 13:06:04.705543,2020-12-26
739,SPARTA,$0.00730,--,$0,"$21,872",150 0.000%,2020-12-26 13:06:04.705543,2020-12-26
740,EBET,$0.00250.0000004856,--,$0,"$21,628",854 0.000%,2020-12-26 13:06:04.705543,2020-12-26
741,FRV,$0.00000.0000000004,--,$0,"$21,146","1,970 0.000%",2020-12-26 13:06:04.705543,2020-12-26
742,REF,$0.02040.0000018594,--,$0,"$20,519","7,685 0.000%",2020-12-26 13:06:04.705543,2020-12-26
743,CYMT,$0.00000,1.46%,$179,"$20,377","1,624 0.000%",2020-12-26 13:06:04.705543,2020-12-26
744,BNC,$0.00000.0000000034,2.19%,"$3,503","$20,194","2,290 0.000%",2020-12-26 13:06:04.705543,2020-12-26
745,CNCT,$0.00020,--,$2,"$19,857",147 0.000%,2020-12-26 13:06:04.705543,2020-12-26
746,SNR,$0.00010.0000000066,3.06%,$0,"$19,734",914 0.000%,2020-12-26 13:06:04.705543,2020-12-26
747,NTWK,$0.00120.00000022,--,$0,"$19,418","6,569 0.000%",2020-12-26 13:06:04.705543,2020-12-26
748,GET,$0.00170,-2.25%,"$72,454","$19,351","5,218 0.000%",2020-12-26 13:06:04.705543,2020-12-26
749,HB,$0.00100,-16.08%,$95,"$18,649",736 0.000%,2020-12-26 13:06:04.705543,2020-12-26
750,IXE,$0.00070.0000002161,--,$0,"$17,832","53,719 0.000%",2020-12-26 13:06:04.705543,2020-12-26
751,IMP,$0.00220,5.28%,"$44,813","$17,267","1,639 0.000%",2020-12-26 13:06:04.705543,2020-12-26
752,DAN,$0.00070,--,$426,"$15,372","12,184 0.000%",2020-12-26 13:06:04.705543,2020-12-26
753,NPX,$0.00060,--,$0,"$14,696","5,140 0.000%",2020-12-26 13:06:04.705543,2020-12-26
754,CRB,$0.00090,--,$38,"$14,376","1,188 0.000%",2020-12-26 13:06:04.705543,2020-12-26
755,CTRT,$0.00000,-2.09%,$184,"$14,247",392 0.000%,2020-12-26 13:06:04.705543,2020-12-26
756,VIKKY,$0.00000,-4.03%,$200,"$13,681",667 0.000%,2020-12-26 13:06:04.705543,2020-12-26
757,SCT,$0.00110,--,$5,"$13,574","66,883 0.000%",2020-12-26 13:06:04.705543,2020-12-26
758,NRP,$0.00000,5.08%,$1,"$13,524",950 0.000%,2020-12-26 13:06:04.705543,2020-12-26
759,ACE,$0.00230,--,$3,"$13,427",649 0.154%,2020-12-26 13:06:04.705543,2020-12-26
760,QVT,$0.00180.00000045,--,$0,"$13,304","1,380 0.000%",2020-12-26 13:06:04.705543,2020-12-26
761,IBTC,$0.00020.0000000100,2.58%,$50,"$12,423","1,877 0.000%",2020-12-26 13:06:04.705543,2020-12-26
762,SPF,$0.00020,--,$17,"$11,984","1,965 0.000%",2020-12-26 13:06:04.705543,2020-12-26
763,BOUTS,$0.00020,-46.56%,"$10,513","$11,564","4,566 0.000%",2020-12-26 13:06:04.705543,2020-12-26
764,FTXT,$0.00000,-1.76%,$9,"$10,943","3,637 0.000%",2020-12-26 13:06:04.705543,2020-12-26
765,OTN,$0.00520.0000004695,--,$0,"$10,436","2,538 0.000%",2020-12-26 13:06:04.705543,2020-12-26
766,WYS,$0.00010.0000000092,--,$0,"$10,356","1,909 0.000%",2020-12-26 13:06:04.705543,2020-12-26
767,SONIQ,$0.00020,--,$107,"$10,333",288 0.000%,2020-12-26 13:06:04.705543,2020-12-26
768,IBT,$0.00000.0000000019,--,$0,"$9,313",398 0.000%,2020-12-26 13:06:04.705543,2020-12-26
769,SGR,$0.00040,--,$44,"$8,936","3,550 0.000%",2020-12-26 13:06:04.705543,2020-12-26
770,AGLT,$0.00010.0000000040,--,$0,"$8,875",82 0.000%,2020-12-26 13:06:04.705543,2020-12-26
771,KWATT,$0.00010.0000000058,-59.48%,$0,"$8,861","7,691 0.000%",2020-12-26 13:06:04.705543,2020-12-26
772,COU,$0.00000,-0.58%,"$47,406","$8,808","15,483 0.006%",2020-12-26 13:06:04.705543,2020-12-26
773,CCO,$0.00520,-10.18%,$20,"$8,767",751 0.000%,2020-12-26 13:06:04.705543,2020-12-26
774,WELL,$0.00010.0000000113,--,$0,"$8,636","11,038 0.000%",2020-12-26 13:06:04.705543,2020-12-26
775,XD,$0.00000,-32.86%,$5,"$8,561","1,242 0.000%",2020-12-26 13:06:04.705543,2020-12-26
776,YLC,$0.00020,9.09%,"$8,499","$7,711","2,358 0.000%",2020-12-26 13:06:04.705543,2020-12-26
777,EGT,$0.00000.0000000021,--,$0,"$7,591","4,092 0.000%",2020-12-26 13:06:04.705543,2020-12-26
778,ACTP,$0.00000,1.87%,$205,"$7,425","6,052 0.000%",2020-12-26 13:06:04.705543,2020-12-26
779,BUL,$0.00670.0000002700,9.83%,$3,"$7,355","31,279 0.000%",2020-12-26 13:06:04.705543,2020-12-26
780,TRCT,$0.00020.0000000282,--,$0,"$6,700","5,335 0.000%",2020-12-26 13:06:04.705543,2020-12-26
781,APC,$0.00010,1.93%,$143,"$6,487","1,975 0.000%",2020-12-26 13:06:04.705543,2020-12-26
782,DWS,$0.00000,-20.88%,"$5,233","$5,998","15,402 0.000%",2020-12-26 13:06:04.705543,2020-12-26
783,POS,$0.00540.0000010325,--,$0,"$5,646","6,267 0.000%",2020-12-26 13:06:04.705543,2020-12-26
784,ATS,$0.00010,--,$48,"$5,442","9,817 0.000%",2020-12-26 13:06:04.705543,2020-12-26
785,MASH,$0.00020.0000000068,4.03%,$0,"$5,390","1,528 0.000%",2020-12-26 13:06:04.705543,2020-12-26
786,DPP,$0.00030,--,$2,"$5,268",721 0.000%,2020-12-26 13:06:04.705543,2020-12-26
787,HST,$0.00010,--,$0,"$5,065","4,339 0.000%",2020-12-26 13:06:04.705543,2020-12-26
788,BAS,$0.00110,--,$9,"$4,484",418 0.000%,2020-12-26 13:06:04.705543,2020-12-26
789,CCT,$0.00070,2.59%,$59,"$4,414","1,211 0.000%",2020-12-26 13:06:04.705543,2020-12-26
790,ACC,$0.00390,--,$0,"$3,543","8,955 0.000%",2020-12-26 13:06:04.705543,2020-12-26
791,EAGLE,$0.00170.00000025,--,$0,"$3,457","1,274 0.000%",2020-12-26 13:06:04.705543,2020-12-26
792,FNTB,$0.00100,72.54%,$3,"$3,096",864 0.000%,2020-12-26 13:06:04.705543,2020-12-26
793,RLT,$0.00020,--,$8,"$2,847","2,050 0.000%",2020-12-26 13:06:04.705543,2020-12-26
794,BKX,$0.00000,--,$0,"$2,684","15,127 0.000%",2020-12-26 13:06:04.705543,2020-12-26
795,WCO,$0.00000,--,$0,"$2,319","1,203 0.000%",2020-12-26 13:06:04.705543,2020-12-26
796,JS,$0.00030,--,$0,"$2,212","1,518 0.000%",2020-12-26 13:06:04.705543,2020-12-26
797,MRL,$0.00000,--,$0,"$2,195","7,058 0.000%",2020-12-26 13:06:04.705543,2020-12-26
798,AAA,$0.00010.0000000056,5.56%,$0,"$2,113",951 0.000%,2020-12-26 13:06:04.705543,2020-12-26
799,BLN,$0.00000.0000000000,--,$0,"$1,658",453 0.000%,2020-12-26 13:06:04.705543,2020-12-26
800,GRMD,$0.00010.0000000129,--,$0,"$1,539","1,306 0.000%",2020-12-26 13:06:04.705543,2020-12-26
801,BTCONE,$0.00010,--,$0,"$1,470","1,069 0.000%",2020-12-26 13:06:05.572845,2020-12-26
802,FAITH,$0.00020,--,$0,"$1,201","4,576 0.000%",2020-12-26 13:06:05.572845,2020-12-26
803,CTIC3,$0.00050.0000000433,--,$0,"$1,034",52 0.000%,2020-12-26 13:06:05.572845,2020-12-26
804,BNN,$0.00000.0000000000,--,$0,$951,325 0.000%,2020-12-26 13:06:05.572845,2020-12-26
805,ORM,$0.00000,--,$0,$675,"3,679 0.000%",2020-12-26 13:06:05.572845,2020-12-26
806,XNN,$0.00000,--,$0,$619,"746,563 0.000%",2020-12-26 13:06:05.572845,2020-12-26
807,NOX,$0.00000,--,$166,$569,"9,564 0.000%",2020-12-26 13:06:05.572845,2020-12-26
808,POSS,$0.00000.0000000000,--,$0,$449,"1,773 0.000%",2020-12-26 13:06:05.572845,2020-12-26
809,ARY,$0.00000,3.68%,$0,$426,"1,970 0.000%",2020-12-26 13:06:05.572845,2020-12-26
810,QURO,$0.00000.0000000035,--,$0,$269,"1,675 0.000%",2020-12-26 13:06:05.572845,2020-12-26
811,AI,$0.00010.0000000186,--,$0,$223,"3,410 0.000%",2020-12-26 13:06:05.572845,2020-12-26
812,TRDT,$0.00020.0000000207,--,$0,$201,"3,795 0.000%",2020-12-26 13:06:05.572845,2020-12-26
813,BTT,$0.00000,--,$0,$195,"3,093 0.000%",2020-12-26 13:06:05.572845,2020-12-26
814,RIYA,$0.00010.0000000104,--,$0,$132,139 0.000%,2020-12-26 13:06:05.572845,2020-12-26
815,SMS,$0.21760,--,$2,$94,186 0.000%,2020-12-26 13:06:05.572845,2020-12-26
816,ZLA,$0.00000,--,$0,$70,"14,324 0.000%",2020-12-26 13:06:05.572845,2020-12-26
817,EBTC,$0.00000,--,$0,$45,"4,951 0.000%",2020-12-26 13:06:05.572845,2020-12-26
818,BITS,$0.00000,-0.32%,$1,$2,146 0.000%,2020-12-26 13:06:05.572845,2020-12-26
